,genotype,fitness,tree_depth,original_phenotype,mapping_values,phenotype,other_info
0,"[[0], [3], [], [], [1], [3]]",1.0479466547569887,4,x[3],"[1, 1, 0, 0, 1, 1]",x[3],"{'generation': 0, 'evals': 1, 'test_error': 0.0}"
1,"[[0], [3], [], [], [1], [3]]",1.0479466547569887,4,x[3],"[1, 1, 0, 0, 1, 1]",x[3],"{'generation': 0, 'evals': 1, 'test_error': 0.0}"
2,"[[0], [3], [], [], [1], [3]]",1.0479466547569887,4,x[3],"[1, 1, 0, 0, 1, 1]",x[3],"{'generation': 0, 'evals': 1, 'test_error': 0.0}"
3,"[[0], [4, 0, 3, 3, 4, 1, 3, 3, 2, 4, 2, 3, 1, 3, 3], [0, 0, 2], [3, 3], [1, 1, 0, 1, 2, 0, 0], [3, 5, 2]]",1.0479466547569887,8,x[3]+x[5]/((x[0]+x[2])/(_log_(_log_(Constant)/((x[0]*x[0])*x[5]))*x[5])*x[5]),"[1, 15, 3, 2, 7, 3]",x[3]+x[5]/((x[0]+x[2])/(_log_(_log_(0.5942250656041724)/((x[0]*x[0])*x[5]))*x[5])*x[5]),"{'generation': 0, 'evals': 1, 'test_error': 0.0}"
4,"[[0], [3], [], [], [1], [3]]",1.0479466547569887,4,x[3],"[1, 1, 0, 0, 1, 1]",x[3],"{'generation': 0, 'evals': 1, 'test_error': 0.0}"
5,"[[0], [3], [], [], [1], [3]]",1.0479466547569887,4,x[3],"[1, 1, 0, 0, 1, 1]",x[3],"{'generation': 0, 'evals': 1, 'test_error': 0.0}"
6,"[[0], [1, 3, 3], [1], [], [1, 0], [3]]",1.0769261634187102,5,(x[3]-x[0]),"[1, 3, 1, 0, 2, 1]",(x[3]-x[0]),"{'generation': 0, 'evals': 1, 'test_error': 0.0}"
7,"[[0], [2, 2, 1, 0, 0, 3, 3, 1, 3, 3, 2, 1, 3, 3], [3, 1, 3, 4, 4], [4, 2, 2], [2, 2, 0, 0, 2, 2], []]",1.244238508628598,8,_inv_(_exp_((Constant|_div_|Constant-(x[0]|_div_|x[0])**_exp_((Constant**Constant))))),"[1, 14, 5, 3, 6, 0]",_inv_(_exp_((0.5942250656041724|_div_|0.723323292631134-(x[0]|_div_|x[0])**_exp_((0.08992457266499854**0.08558322728806267))))),"{'generation': 0, 'evals': 1, 'test_error': 0.0}"
8,"[[0], [0, 2, 3, 3], [2], [4], [0, 1], [3]]",1.4573964991094779,5,_inv_(x[0])*x[3],"[1, 4, 1, 1, 2, 1]",_inv_(x[0])*x[3],"{'generation': 0, 'evals': 1, 'test_error': 0.0}"
9,"[[0], [1, 3, 3], [2], [], [0, 0], []]",1.8855916129323307,4,(x[0]*x[0]),"[1, 3, 1, 0, 2, 0]",(x[0]*x[0]),"{'generation': 0, 'evals': 1, 'test_error': 0.0}"
10,"[[0], [2, 4, 2, 3, 4, 3, 2, 2, 3], [], [2, 3, 4, 2], [1, 2, 0], [4]]",2.0427882320957953,8,_exp_(_log_(x[4])/(Constant/(_inv_(_exp_(x[0]))*x[5])*x[5])),"[1, 9, 0, 4, 3, 1]",_exp_(_log_(x[4])/(0.5942250656041724/(_inv_(_exp_(x[0]))*x[5])*x[5])),"{'generation': 0, 'evals': 1, 'test_error': 0.0}"
11,"[[0], [2, 3], [], [2], [2], []]",2.136939326152884,4,_exp_(Constant),"[1, 2, 0, 1, 1, 0]",_exp_(0.5942250656041724),"{'generation': 0, 'evals': 1, 'test_error': 0.0}"
12,"[[0], [3], [], [], [0], []]",2.138134469021581,3,x[0],"[1, 1, 0, 0, 1, 0]",x[0],"{'generation': 0, 'evals': 1, 'test_error': 0.0}"
13,"[[0], [3], [], [], [0], []]",2.138134469021581,3,x[0],"[1, 1, 0, 0, 1, 0]",x[0],"{'generation': 0, 'evals': 1, 'test_error': 0.0}"
14,"[[0], [3], [], [], [1], [0]]",2.138134469021581,4,x[0],"[1, 1, 0, 0, 1, 1]",x[0],"{'generation': 0, 'evals': 1, 'test_error': 0.0}"
15,"[[0], [3], [], [], [1], [0]]",2.138134469021581,4,x[0],"[1, 1, 0, 0, 1, 1]",x[0],"{'generation': 0, 'evals': 1, 'test_error': 0.0}"
16,"[[0], [3], [], [], [0], []]",2.138134469021581,3,x[0],"[1, 1, 0, 0, 1, 0]",x[0],"{'generation': 0, 'evals': 1, 'test_error': 0.0}"
17,"[[0], [3], [], [], [0], []]",2.138134469021581,3,x[0],"[1, 1, 0, 0, 1, 0]",x[0],"{'generation': 0, 'evals': 1, 'test_error': 0.0}"
18,"[[0], [3], [], [], [0], []]",2.138134469021581,3,x[0],"[1, 1, 0, 0, 1, 0]",x[0],"{'generation': 0, 'evals': 1, 'test_error': 0.0}"
19,"[[0], [3], [], [], [1], [0]]",2.138134469021581,4,x[0],"[1, 1, 0, 0, 1, 1]",x[0],"{'generation': 0, 'evals': 1, 'test_error': 0.0}"
20,"[[0], [3], [], [], [1], [0]]",2.138134469021581,4,x[0],"[1, 1, 0, 0, 1, 1]",x[0],"{'generation': 0, 'evals': 1, 'test_error': 0.0}"
21,"[[0], [3], [], [], [0], []]",2.138134469021581,3,x[0],"[1, 1, 0, 0, 1, 0]",x[0],"{'generation': 0, 'evals': 1, 'test_error': 0.0}"
22,"[[0], [3], [], [], [0], []]",2.138134469021581,3,x[0],"[1, 1, 0, 0, 1, 0]",x[0],"{'generation': 0, 'evals': 1, 'test_error': 0.0}"
23,"[[0], [3], [], [], [0], []]",2.138134469021581,3,x[0],"[1, 1, 0, 0, 1, 0]",x[0],"{'generation': 0, 'evals': 1, 'test_error': 0.0}"
24,"[[0], [3], [], [], [0], []]",2.138134469021581,3,x[0],"[1, 1, 0, 0, 1, 0]",x[0],"{'generation': 0, 'evals': 1, 'test_error': 0.0}"
25,"[[0], [3], [], [], [1], [0]]",2.138134469021581,4,x[0],"[1, 1, 0, 0, 1, 1]",x[0],"{'generation': 0, 'evals': 1, 'test_error': 0.0}"
26,"[[0], [3], [], [], [0], []]",2.138134469021581,3,x[0],"[1, 1, 0, 0, 1, 0]",x[0],"{'generation': 0, 'evals': 1, 'test_error': 0.0}"
27,"[[0], [3], [], [], [0], []]",2.138134469021581,3,x[0],"[1, 1, 0, 0, 1, 0]",x[0],"{'generation': 0, 'evals': 1, 'test_error': 0.0}"
28,"[[0], [3], [], [], [0], []]",2.138134469021581,3,x[0],"[1, 1, 0, 0, 1, 0]",x[0],"{'generation': 0, 'evals': 1, 'test_error': 0.0}"
29,"[[0], [2, 3], [], [3], [1], [4]]",2.1846272071708634,5,_log_(x[4]),"[1, 2, 0, 1, 1, 1]",_log_(x[4]),"{'generation': 0, 'evals': 1, 'test_error': 0.0}"
30,"[[0], [2, 2, 2, 3], [], [2, 0, 0], [1], [1]]",2.1965572318909548,7,_exp_(sin(sin(x[1]))),"[1, 4, 0, 3, 1, 1]",_exp_(sin(sin(x[1]))),"{'generation': 0, 'evals': 1, 'test_error': 0.0}"
31,"[[0], [1, 3, 3], [1], [], [0, 2], []]",2.2284638989299554,4,(x[0]-Constant),"[1, 3, 1, 0, 2, 0]",(x[0]-0.5942250656041724),"{'generation': 0, 'evals': 1, 'test_error': 0.0}"
32,"[[0], [0, 0, 3, 1, 1, 0, 3, 3, 4, 3, 3, 1, 3, 2, 3, 1, 0, 4, 0, 3, 3, 3, 1, 1, 3, 3, 3, 4, 2, 0, 3, 3, 4, 0, 3, 3, 3], [4, 2, 2, 0, 1, 4, 1, 1, 3, 0, 0, 4, 2], [1, 1], [0, 2, 0, 0, 1, 0, 1, 0, 0, 2, 2, 2, 2, 0, 0, 0, 0, 2], [3, 2]]",2.2598021422538697,9,x[0]**((Constant*x[0]*x[0]/(x[3]*x[5]))+(x[0]-cos(x[2])))**(x[0]-x[0]/(Constant*x[5])-((Constant|_div_|Constant)+Constant)+cos(x[0]**x[0])/(x[0]*x[0]/(Constant*x[5])*x[5])),"[1, 37, 13, 2, 18, 2]",x[0]**((0.5942250656041724*x[0]*x[0]/(x[3]*x[5]))+(x[0]-cos(x[2])))**(x[0]-x[0]/(0.723323292631134*x[5])-((0.08992457266499854|_div_|0.08558322728806267)+0.33794059917606123)+cos(x[0]**x[0])/(x[0]*x[0]/(0.08756503566974927*x[5])*x[5])),"{'generation': 0, 'evals': 1, 'test_error': 0.0}"
33,"[[0], [1, 3, 0, 1, 0, 2, 3, 0, 3, 3, 3, 1, 2, 4, 3, 3, 1, 3, 2, 3], [1, 4, 0, 3, 4, 3, 2], [0, 4, 1], [0, 1, 2, 1, 0, 1, 1, 2, 2], [5, 4, 4, 1]]",2.2907218271857945,9,(x[0]-(sin(x[5])**Constant+x[4]|_div_|x[0])**(_inv_(x[4]/(x[1]*x[5]))|_div_|(Constant*cos(Constant)))),"[1, 20, 7, 3, 9, 4]",(x[0]-(sin(x[5])**0.5942250656041724+x[4]|_div_|x[0])**(_inv_(x[4]/(x[1]*x[5]))|_div_|(0.723323292631134*cos(0.08992457266499854)))),"{'generation': 0, 'evals': 1, 'test_error': 0.0}"
34,"[[0], [2, 2, 4, 0, 2, 3, 3, 3], [3], [0, 2, 2], [2, 0, 2], []]",2.2969326525480893,8,sin(_exp_(_exp_(Constant)|_div_|x[0]/(Constant*x[5]))),"[1, 8, 1, 3, 3, 0]",sin(_exp_(_exp_(0.5942250656041724)|_div_|x[0]/(0.723323292631134*x[5]))),"{'generation': 0, 'evals': 1, 'test_error': 0.0}"
35,"[[0], [2, 0, 4, 0, 2, 3, 3, 0, 2, 3, 0, 3, 3, 3], [0, 1, 2, 2], [3, 1, 3], [1, 0, 1, 1, 1, 2], [0, 0, 2, 4]]",2.3122548670273706,9,_log_(cos(x[0])+x[0]/(_log_(x[0])-x[2]*x[4]*x[5])*Constant),"[1, 14, 4, 3, 6, 4]",_log_(cos(x[0])+x[0]/(_log_(x[0])-x[2]*x[4]*x[5])*0.5942250656041724),"{'generation': 0, 'evals': 1, 'test_error': 0.0}"
36,"[[0], [2, 3], [], [4], [1], [0]]",2.313353242987935,5,_inv_(x[0]),"[1, 2, 0, 1, 1, 1]",_inv_(x[0]),"{'generation': 0, 'evals': 1, 'test_error': 0.0}"
37,"[[0], [0, 2, 2, 1, 3, 2, 3, 2, 0, 2, 4, 3, 3, 3], [4, 3, 3], [3, 3, 1, 1, 4], [1, 0, 1, 2, 0], [2, 5]]",2.3147192658798574,9,_log_(_log_((x[2]**cos(x[0]))))|_div_|cos(_inv_(x[5]/(Constant*x[5]))|_div_|x[0]),"[1, 14, 3, 5, 5, 2]",_log_(_log_((x[2]**cos(x[0]))))|_div_|cos(_inv_(x[5]/(0.5942250656041724*x[5]))|_div_|x[0]),"{'generation': 0, 'evals': 1, 'test_error': 0.0}"
38,"[[0], [0, 3, 3], [0], [], [2, 1], [5]]",2.3210500638282796,5,Constant+x[5],"[1, 3, 1, 0, 2, 1]",0.5942250656041724+x[5],"{'generation': 0, 'evals': 1, 'test_error': 0.0}"
39,"[[0], [3], [], [], [2], []]",2.3218646327146875,3,Constant,"[1, 1, 0, 0, 1, 0]",0.5942250656041724,"{'generation': 0, 'evals': 1, 'test_error': 0.0}"
40,"[[0], [3], [], [], [2], []]",2.3218646327146875,3,Constant,"[1, 1, 0, 0, 1, 0]",0.5942250656041724,"{'generation': 0, 'evals': 1, 'test_error': 0.0}"
41,"[[0], [3], [], [], [2], []]",2.3218646327146875,3,Constant,"[1, 1, 0, 0, 1, 0]",0.5942250656041724,"{'generation': 0, 'evals': 1, 'test_error': 0.0}"
42,"[[0], [3], [], [], [2], []]",2.3218646327146875,3,Constant,"[1, 1, 0, 0, 1, 0]",0.5942250656041724,"{'generation': 0, 'evals': 1, 'test_error': 0.0}"
43,"[[0], [3], [], [], [2], []]",2.3218646327146875,3,Constant,"[1, 1, 0, 0, 1, 0]",0.5942250656041724,"{'generation': 0, 'evals': 1, 'test_error': 0.0}"
44,"[[0], [3], [], [], [2], []]",2.3218646327146875,3,Constant,"[1, 1, 0, 0, 1, 0]",0.5942250656041724,"{'generation': 0, 'evals': 1, 'test_error': 0.0}"
45,"[[0], [3], [], [], [2], []]",2.3218646327146875,3,Constant,"[1, 1, 0, 0, 1, 0]",0.5942250656041724,"{'generation': 0, 'evals': 1, 'test_error': 0.0}"
46,"[[0], [3], [], [], [2], []]",2.3218646327146875,3,Constant,"[1, 1, 0, 0, 1, 0]",0.5942250656041724,"{'generation': 0, 'evals': 1, 'test_error': 0.0}"
47,"[[0], [3], [], [], [2], []]",2.3218646327146875,3,Constant,"[1, 1, 0, 0, 1, 0]",0.5942250656041724,"{'generation': 0, 'evals': 1, 'test_error': 0.0}"
48,"[[0], [3], [], [], [2], []]",2.3218646327146875,3,Constant,"[1, 1, 0, 0, 1, 0]",0.5942250656041724,"{'generation': 0, 'evals': 1, 'test_error': 0.0}"
49,"[[0], [2, 2, 3], [], [0, 4], [0], []]",2.3247494288043398,5,sin(_inv_(x[0])),"[1, 3, 0, 2, 1, 0]",sin(_inv_(x[0])),"{'generation': 0, 'evals': 1, 'test_error': 0.0}"
50,"[[0], [1, 3, 2, 3], [1], [4], [2, 1], [2]]",2.3259973396303293,6,(Constant-_inv_(x[2])),"[1, 4, 1, 1, 2, 1]",(0.5942250656041724-_inv_(x[2])),"{'generation': 0, 'evals': 1, 'test_error': 0.0}"
51,"[[0], [2, 3], [], [0], [2], []]",2.3271375567438226,4,sin(Constant),"[1, 2, 0, 1, 1, 0]",sin(0.5942250656041724),"{'generation': 0, 'evals': 1, 'test_error': 0.0}"
52,"[[0], [2, 3], [], [0], [2], []]",2.3271375567438226,4,sin(Constant),"[1, 2, 0, 1, 1, 0]",sin(0.5942250656041724),"{'generation': 0, 'evals': 1, 'test_error': 0.0}"
53,"[[0], [2, 1, 0, 3, 2, 3, 2, 0, 2, 3, 1, 3, 3], [0, 2, 0, 0], [3, 1, 3, 0], [0, 0, 0, 1, 1], [2, 1]]",2.3482805186009577,9,_log_((x[0]+cos(x[0])*_log_(sin(x[0])+(x[2]+x[1])))),"[1, 13, 4, 4, 5, 2]",_log_((x[0]+cos(x[0])*_log_(sin(x[0])+(x[2]+x[1])))),"{'generation': 0, 'evals': 1, 'test_error': 0.0}"
54,"[[0], [3], [], [], [1], [1]]",2.3563271373159194,4,x[1],"[1, 1, 0, 0, 1, 1]",x[1],"{'generation': 0, 'evals': 1, 'test_error': 0.0}"
55,"[[0], [3], [], [], [1], [1]]",2.3563271373159194,4,x[1],"[1, 1, 0, 0, 1, 1]",x[1],"{'generation': 0, 'evals': 1, 'test_error': 0.0}"
56,"[[0], [4, 3, 4, 4, 0, 2, 3, 2, 3, 3, 0, 0, 2, 3, 0, 3, 3, 1, 0, 3, 3, 0, 3, 3], [1, 0, 2, 1, 4, 2, 3], [0, 1, 3], [2, 0, 0, 2, 2, 0, 1, 2, 2, 2, 2], [5]]",2.364446905335438,9,Constant/(sin(x[0])-cos(x[0])/(Constant*x[5])/(_log_(Constant)+x[0]*x[5]-(Constant**Constant*Constant|_div_|Constant)*x[5])*x[5]),"[1, 24, 7, 3, 11, 1]",0.5942250656041724/(sin(x[0])-cos(x[0])/(0.723323292631134*x[5])/(_log_(0.08992457266499854)+x[0]*x[5]-(0.08558322728806267**0.33794059917606123*0.08756503566974927|_div_|0.8433798356967075)*x[5])*x[5]),"{'generation': 0, 'evals': 1, 'test_error': 0.0}"
57,"[[0], [4, 0, 3, 0, 4, 3, 1, 3, 3, 1, 1, 3, 3, 2, 3, 4, 1, 0, 3, 2, 3, 0, 1, 3, 3, 2, 3, 4, 1, 0, 3, 3, 3, 2, 3], [3, 2, 2, 0, 4, 0, 2, 2, 0, 3, 1], [0, 2, 4, 4], [0, 1, 1, 1, 1, 2, 0, 1, 1, 0, 2, 1, 0, 1, 1, 1], [4, 1, 2, 5, 1, 5, 4, 3, 2, 4]]",2.384009650622686,9,x[0]|_div_|x[4]/((x[1]*x[2])*x[5])*((x[5]+Constant)**sin(x[0]))/((x[1]+_exp_(x[5])*(x[0]*Constant)+_inv_(x[4]))/((x[0]|_div_|x[3]-x[2])/(_inv_(x[4])*x[5])*x[5])*x[5]),"[1, 35, 11, 4, 16, 10]",x[0]|_div_|x[4]/((x[1]*x[2])*x[5])*((x[5]+0.5942250656041724)**sin(x[0]))/((x[1]+_exp_(x[5])*(x[0]*0.723323292631134)+_inv_(x[4]))/((x[0]|_div_|x[3]-x[2])/(_inv_(x[4])*x[5])*x[5])*x[5]),"{'generation': 0, 'evals': 1, 'test_error': 0.0}"
58,"[[0], [1, 0, 4, 4, 3, 0, 3, 3, 3, 0, 2, 1, 3, 3, 3, 3], [4, 4, 0, 1, 2], [3], [0, 1, 1, 2, 0, 1, 1, 0], [2, 4, 1, 5]]",2.389636908041572,9,(x[0]/(x[2]**x[4]*x[5])/(Constant*x[5])**_log_((x[0]+x[1]))-x[5]*x[0]),"[1, 16, 5, 1, 8, 4]",(x[0]/(x[2]**x[4]*x[5])/(0.5942250656041724*x[5])**_log_((x[0]+x[1]))-x[5]*x[0]),"{'generation': 0, 'evals': 1, 'test_error': 0.0}"
59,"[[0], [1, 3, 0, 1, 0, 2, 3, 1, 3, 3, 2, 0, 3, 3, 4, 0, 3, 3, 0, 3, 3], [3, 1, 4, 0, 4, 3, 0, 1], [2, 1], [2, 0, 1, 0, 0, 2, 1, 1, 0, 2], [4, 0, 1]]",2.396391353015192,9,(Constant|_div_|(_exp_(x[0])-(x[4]**x[0])+cos(x[0]**Constant))|_div_|x[0]+x[1]/(x[0]-Constant*x[5])),"[1, 21, 8, 2, 10, 3]",(0.5942250656041724|_div_|(_exp_(x[0])-(x[4]**x[0])+cos(x[0]**0.723323292631134))|_div_|x[0]+x[1]/(x[0]-0.08992457266499854*x[5])),"{'generation': 0, 'evals': 1, 'test_error': 0.0}"
60,"[[0], [2, 0, 2, 3, 1, 1, 3, 1, 3, 3, 1, 3, 3], [0, 2, 2, 2, 3], [0, 2], [0, 1, 1, 1, 1, 0], [2, 5, 2, 2]]",2.408903635025446,9,sin(_exp_(x[0])+((x[2]*(x[5]*x[2]))*(x[2]|_div_|x[0]))),"[1, 13, 5, 2, 6, 4]",sin(_exp_(x[0])+((x[2]*(x[5]*x[2]))*(x[2]|_div_|x[0]))),"{'generation': 0, 'evals': 1, 'test_error': 0.0}"
61,"[[0], [2, 3], [], [1], [0], []]",2.412048425274269,4,cos(x[0]),"[1, 2, 0, 1, 1, 0]",cos(x[0]),"{'generation': 0, 'evals': 1, 'test_error': 0.0}"
62,"[[0], [3], [], [], [1], [5]]",2.41260699404653,4,x[5],"[1, 1, 0, 0, 1, 1]",x[5],"{'generation': 0, 'evals': 1, 'test_error': 0.0}"
63,"[[0], [3], [], [], [1], [5]]",2.41260699404653,4,x[5],"[1, 1, 0, 0, 1, 1]",x[5],"{'generation': 0, 'evals': 1, 'test_error': 0.0}"
64,"[[0], [3], [], [], [1], [5]]",2.41260699404653,4,x[5],"[1, 1, 0, 0, 1, 1]",x[5],"{'generation': 0, 'evals': 1, 'test_error': 0.0}"
65,"[[0], [3], [], [], [1], [5]]",2.41260699404653,4,x[5],"[1, 1, 0, 0, 1, 1]",x[5],"{'generation': 0, 'evals': 1, 'test_error': 0.0}"
66,"[[0], [0, 0, 1, 2, 1, 3, 3, 1, 3, 0, 3, 3, 1, 1, 4, 3, 3, 3, 3, 4, 0, 3, 0, 1, 3, 3, 4, 3, 3, 4, 3, 2, 1, 3, 3], [3, 3, 0, 1, 0, 3, 0, 3, 1, 1, 4, 1], [1, 0], [1, 2, 2, 2, 1, 0, 0, 0, 2, 0, 1, 1, 2, 0, 1, 2, 2], [0, 0, 4, 5, 5]]",2.4128490821341,9,(cos((x[0]|_div_|Constant))|_div_|(Constant+Constant-x[0]))+((x[0]/(x[0]*x[5])|_div_|x[0])+Constant)|_div_|x[0]-(x[4]-x[5])**Constant/(x[0]*x[5])/(x[5]/(sin((Constant-Constant))*x[5])*x[5]),"[1, 35, 12, 2, 17, 5]",(cos((x[0]|_div_|0.5942250656041724))|_div_|(0.723323292631134+0.08992457266499854-x[0]))+((x[0]/(x[0]*x[5])|_div_|x[0])+0.08558322728806267)|_div_|x[0]-(x[4]-x[5])**0.33794059917606123/(x[0]*x[5])/(x[5]/(sin((0.08756503566974927-0.8433798356967075))*x[5])*x[5]),"{'generation': 0, 'evals': 1, 'test_error': 0.0}"
67,"[[0], [4, 1, 1, 1, 0, 3, 3, 0, 3, 3, 3, 2, 2, 3, 4, 4, 0, 2, 3, 0, 3, 3, 3, 3], [1, 3, 2, 3, 0, 0, 2], [0, 4, 1], [1, 0, 1, 1, 1, 2, 1, 2, 1, 2, 1], [1, 0, 3, 3, 4, 2, 0]]",2.4134234671076054,9,(((x[1]-x[0]|_div_|x[0]*x[3])|_div_|x[3])+sin(_inv_(Constant)))/(cos(x[4])+Constant*x[2]/(Constant*x[5])/(x[0]*x[5])*x[5]),"[1, 24, 7, 3, 11, 7]",(((x[1]-x[0]|_div_|x[0]*x[3])|_div_|x[3])+sin(_inv_(0.5942250656041724)))/(cos(x[4])+0.723323292631134*x[2]/(0.08992457266499854*x[5])/(x[0]*x[5])*x[5]),"{'generation': 0, 'evals': 1, 'test_error': 0.0}"
68,"[[0], [4, 1, 4, 3, 1, 0, 3, 3, 3, 2, 3, 4, 1, 1, 2, 3, 4, 3, 3, 3, 2, 0, 1, 3, 3, 3], [0, 2, 4, 4, 4, 0, 3], [0, 2, 0], [0, 1, 0, 1, 0, 1, 2, 0, 0, 0, 2, 2], [0, 1, 2]]",2.4134284422235392,9,(x[0]/((x[0]+x[0]*x[1])*x[5])**sin(x[0]))/(((_exp_(x[2])**Constant/(x[0]*x[5]))**x[0])/(sin((x[0]+Constant)|_div_|Constant)*x[5])*x[5]),"[1, 26, 7, 3, 12, 3]",(x[0]/((x[0]+x[0]*x[1])*x[5])**sin(x[0]))/(((_exp_(x[2])**0.5942250656041724/(x[0]*x[5]))**x[0])/(sin((x[0]+0.723323292631134)|_div_|0.08992457266499854)*x[5])*x[5]),"{'generation': 0, 'evals': 1, 'test_error': 0.0}"
69,"[[0], [4, 3, 0, 1, 4, 3, 2, 3, 4, 3, 3, 3], [4, 3], [1], [1, 1, 0, 1, 1, 1], [0, 5, 3, 2, 0]]",2.413428442234673,8,x[0]/((x[5]/(cos(x[0])*x[5])**x[3]/(x[2]*x[5]))|_div_|x[0]*x[5]),"[1, 12, 2, 1, 6, 5]",x[0]/((x[5]/(cos(x[0])*x[5])**x[3]/(x[2]*x[5]))|_div_|x[0]*x[5]),"{'generation': 0, 'evals': 1, 'test_error': 0.0}"
70,"[[0], [2, 0, 4, 2, 0, 3, 3, 3, 3], [2, 2], [3, 3], [1, 1, 1, 1], [2, 5, 3, 1]]",2.413428442234673,9,_log_(_log_(x[2]*x[5])/(x[3]*x[5])*x[1]),"[1, 9, 2, 2, 4, 4]",_log_(_log_(x[2]*x[5])/(x[3]*x[5])*x[1]),"{'generation': 0, 'evals': 1, 'test_error': 0.0}"
71,"[[0], [2, 0, 1, 3, 1, 1, 3, 3, 2, 3, 2, 2, 4, 3, 3], [0, 3, 3, 3], [3, 0, 0, 3], [2, 2, 1, 1, 2, 2], [4, 3]]",2.413428442234673,9,_log_((Constant+((Constant|_div_|x[4])|_div_|sin(x[3])))|_div_|sin(_log_(Constant/(Constant*x[5])))),"[1, 15, 4, 4, 6, 2]",_log_((0.5942250656041724+((0.723323292631134|_div_|x[4])|_div_|sin(x[3])))|_div_|sin(_log_(0.08992457266499854/(0.08558322728806267*x[5])))),"{'generation': 0, 'evals': 1, 'test_error': 0.0}"
72,"[[0], [2, 4, 3, 2, 4, 3, 3], [], [2, 0], [2, 1, 1], [1, 1]]",2.413428442234673,8,_exp_(Constant/(sin(x[1]/(x[1]*x[5]))*x[5])),"[1, 7, 0, 2, 3, 2]",_exp_(0.5942250656041724/(sin(x[1]/(x[1]*x[5]))*x[5])),"{'generation': 0, 'evals': 1, 'test_error': 0.0}"
73,"[[0], [0, 0, 2, 2, 2, 3, 0, 0, 0, 3, 3, 3, 3, 4, 3, 2, 0, 1, 3, 3, 2, 3], [3, 2, 3, 0, 1, 1, 2], [2, 3, 4, 0, 4], [1, 0, 0, 0, 0, 1, 0, 0, 0], [3, 2]]",2.413428442234673,9,_exp_(_log_(_inv_(x[3])))|_div_|x[0]*x[0]|_div_|x[0]+x[0]-x[2]/(sin((x[0]-x[0])*_inv_(x[0]))*x[5]),"[1, 22, 7, 5, 9, 2]",_exp_(_log_(_inv_(x[3])))|_div_|x[0]*x[0]|_div_|x[0]+x[0]-x[2]/(sin((x[0]-x[0])*_inv_(x[0]))*x[5]),"{'generation': 0, 'evals': 1, 'test_error': 0.0}"
74,"[[0], [0, 4, 1, 0, 3, 3, 4, 3, 3, 1, 2, 4, 3, 3, 0, 2, 3, 2, 3, 1, 3, 3], [4, 4, 2, 0, 2, 1], [4, 3, 2], [0, 1, 2, 1, 1, 2, 1, 2, 0, 0], [2, 3, 2, 1]]",2.413428442234673,9,(x[0]**x[2]**Constant/(x[3]*x[5]))/((_inv_(x[2]/(Constant*x[5]))*_log_(x[1])+_exp_(Constant))*x[5])*(x[0]-x[0]),"[1, 22, 6, 3, 10, 4]",(x[0]**x[2]**0.5942250656041724/(x[3]*x[5]))/((_inv_(x[2]/(0.723323292631134*x[5]))*_log_(x[1])+_exp_(0.08992457266499854))*x[5])*(x[0]-x[0]),"{'generation': 0, 'evals': 1, 'test_error': 0.0}"
75,"[[0], [1, 4, 4, 0, 0, 3, 3, 1, 3, 3, 1, 4, 3, 3, 2, 3, 2, 2, 2, 3, 4, 0, 1, 4, 3, 3, 0, 3, 3, 1, 4, 3, 3, 0, 3, 3, 0, 1, 4, 3, 3, 0, 3, 3, 1, 2, 3, 1, 3, 3], [1, 2, 2, 3, 1, 4, 3, 3, 4, 4, 3, 1, 3, 3, 3], [4, 1, 4, 2, 3], [0, 0, 2, 2, 1, 0, 1, 0, 2, 1, 2, 1, 2, 1, 1, 0, 0, 1, 0, 0, 1, 1, 1], [4, 2, 1, 2, 5, 2, 3, 0, 2, 5]]",2.4134284537389554,9,(x[0]-x[0]*(Constant*Constant)/((x[4]/(x[0]*x[5])|_div_|_inv_(x[2]))*x[5])/(cos(_inv_(_exp_(x[0])))*x[5])-(Constant/(x[1]*x[5])**Constant|_div_|x[2])|_div_|(Constant/(x[5]*x[5])**x[2]**x[0])/((x[0]/(x[3]*x[5])|_div_|x[0]-x[0])|_div_|(_log_(x[0])|_div_|(x[2]|_div_|x[5]))*x[5])),"[1, 50, 15, 5, 23, 10]",(x[0]-x[0]*(0.5942250656041724*0.723323292631134)/((x[4]/(x[0]*x[5])|_div_|_inv_(x[2]))*x[5])/(cos(_inv_(_exp_(x[0])))*x[5])-(0.08992457266499854/(x[1]*x[5])**0.08558322728806267|_div_|x[2])|_div_|(0.33794059917606123/(x[5]*x[5])**x[2]**x[0])/((x[0]/(x[3]*x[5])|_div_|x[0]-x[0])|_div_|(_log_(x[0])|_div_|(x[2]|_div_|x[5]))*x[5])),"{'generation': 0, 'evals': 1, 'test_error': 0.0}"
76,"[[0], [2, 0, 4, 4, 2, 3, 4, 3, 3, 2, 3, 3], [1], [4, 1, 0], [1, 1, 2, 0, 0], [0, 1]]",2.413501245164394,9,_inv_(cos(x[0])/(x[1]/(Constant*x[5])*x[5])/(sin(x[0])*x[5])-x[0]),"[1, 12, 1, 3, 5, 2]",_inv_(cos(x[0])/(x[1]/(0.5942250656041724*x[5])*x[5])/(sin(x[0])*x[5])-x[0]),"{'generation': 0, 'evals': 1, 'test_error': 0.0}"
77,"[[0], [2, 1, 4, 1, 1, 3, 3, 3, 0, 2, 3, 3, 1, 4, 0, 3, 3, 2, 3, 3], [4, 2, 1, 0, 1, 0], [4, 3, 0], [0, 0, 2, 0, 0, 0, 0, 1, 0], [1]]",2.4135493872768787,9,_inv_((((x[0]**x[0])*Constant)/(_log_(x[0])-x[0]*x[5])+(x[0]-x[0]/(sin(x[1])*x[5])+x[0]))),"[1, 20, 6, 3, 9, 1]",_inv_((((x[0]**x[0])*0.5942250656041724)/(_log_(x[0])-x[0]*x[5])+(x[0]-x[0]/(sin(x[1])*x[5])+x[0]))),"{'generation': 0, 'evals': 1, 'test_error': 0.0}"
78,"[[0], [4, 2, 1, 0, 3, 4, 3, 3, 3, 0, 0, 0, 4, 3, 3, 0, 3, 3, 3, 0, 0, 0, 3, 3, 4, 3, 3, 3], [2, 1, 3, 4, 3, 2, 4, 2, 2], [0], [2, 2, 1, 0, 2, 2, 1, 1, 2, 0, 0, 2, 2, 1], [3, 1, 4, 1]]",2.414422412326402,9,sin((Constant*Constant/(x[3]*x[5])-x[0]))/(Constant/(Constant*x[5])|_div_|x[1]**x[4]|_div_|Constant*x[0]**x[0]*Constant/(Constant*x[5])*x[1]*x[5]),"[1, 28, 9, 1, 14, 4]",sin((0.5942250656041724*0.723323292631134/(x[3]*x[5])-x[0]))/(0.08992457266499854/(0.08558322728806267*x[5])|_div_|x[1]**x[4]|_div_|0.33794059917606123*x[0]**x[0]*0.08756503566974927/(0.8433798356967075*x[5])*x[1]*x[5]),"{'generation': 0, 'evals': 1, 'test_error': 0.0}"
79,"[[0], [2, 0, 4, 2, 2, 3, 1, 2, 3, 1, 3, 3, 2, 0, 0, 3, 3, 3], [4, 0, 1, 0, 4], [1, 4, 0, 2, 4], [2, 2, 0, 0, 0, 2, 1], [5]]",2.431938870322915,8,cos(_inv_(sin(Constant))/((_exp_(Constant)**(x[0]+x[0]))*x[5])-_inv_(x[0]+Constant**x[5])),"[1, 18, 5, 5, 7, 1]",cos(_inv_(sin(0.5942250656041724))/((_exp_(0.723323292631134)**(x[0]+x[0]))*x[5])-_inv_(x[0]+0.08992457266499854**x[5])),"{'generation': 0, 'evals': 1, 'test_error': 0.0}"
80,"[[0], [1, 4, 0, 2, 0, 3, 3, 3, 3, 0, 2, 2, 1, 3, 3, 2, 2, 2, 3], [4, 0, 4, 0, 2], [3, 3, 1, 1, 4, 1], [2, 2, 2, 1, 0, 2, 2], [3]]",2.4665760471640024,8,(_log_(Constant**Constant)+Constant/(x[3]*x[5])**_log_(cos((x[0]+Constant)))*cos(_inv_(cos(Constant)))),"[1, 19, 5, 6, 7, 1]",(_log_(0.5942250656041724**0.723323292631134)+0.08992457266499854/(x[3]*x[5])**_log_(cos((x[0]+0.08558322728806267)))*cos(_inv_(cos(0.33794059917606123)))),"{'generation': 0, 'evals': 1, 'test_error': 0.0}"
81,"[[0], [2, 4, 3, 3], [], [0], [2, 2], []]",2.524337897805961,5,sin(Constant/(Constant*x[5])),"[1, 4, 0, 1, 2, 0]",sin(0.5942250656041724/(0.723323292631134*x[5])),"{'generation': 0, 'evals': 1, 'test_error': 0.0}"
82,"[[0], [0, 1, 4, 0, 2, 3, 2, 3, 4, 2, 3, 1, 3, 3, 2, 3, 3], [2, 1, 0, 1], [4, 0, 4, 1], [2, 2, 1, 1, 2, 2, 0], [5, 1]]",2.5587855611453363,9,(_inv_(Constant)*sin(Constant)/(_inv_(x[5])/((x[1]-Constant)*x[5])*x[5])+cos(Constant))-x[0],"[1, 17, 4, 4, 7, 2]",(_inv_(0.5942250656041724)*sin(0.723323292631134)/(_inv_(x[5])/((x[1]-0.08992457266499854)*x[5])*x[5])+cos(0.08558322728806267))-x[0],"{'generation': 0, 'evals': 1, 'test_error': 0.0}"
83,"[[0], [1, 4, 1, 3, 0, 3, 2, 3, 4, 0, 0, 3, 3, 4, 3, 3, 1, 4, 3, 3, 1, 3, 3, 3], [4, 1, 0, 3, 3, 1, 1], [1], [2, 1, 2, 0, 2, 1, 2, 1, 0, 1, 1, 0], [3, 3, 2, 5, 1]]",2.5783649331840643,9,((Constant**x[3]-cos(Constant))/(x[0]+Constant|_div_|x[3]/(Constant*x[5])/((x[2]/(x[0]*x[5])|_div_|(x[5]-x[1]))*x[5])*x[5])-x[0]),"[1, 24, 7, 1, 12, 5]",((0.5942250656041724**x[3]-cos(0.723323292631134))/(x[0]+0.08992457266499854|_div_|x[3]/(0.08558322728806267*x[5])/((x[2]/(x[0]*x[5])|_div_|(x[5]-x[1]))*x[5])*x[5])-x[0]),"{'generation': 0, 'evals': 1, 'test_error': 0.0}"
84,"[[0], [0, 4, 3, 0, 0, 0, 3, 3, 2, 3, 1, 2, 3, 4, 3, 3, 0, 2, 0, 2, 3, 3, 1, 0, 2, 3, 0, 3, 3, 2, 1, 3, 3], [3, 0, 4, 4, 4, 2, 1, 0, 3, 2, 4], [1, 4, 3, 4, 0, 3], [1, 0, 0, 0, 1, 1, 2, 0, 1, 0, 0, 2, 0, 0], [1, 2, 0, 0]]",2.5952194993313835,9,x[1]/(x[0]|_div_|x[0]+cos(x[0])**(_inv_(x[2])**x[0]/(Constant*x[5]))*x[5])**_log_(_inv_(x[0])*x[0])-(sin(x[0])+x[0]|_div_|Constant*_log_((x[0]**x[0]))),"[1, 33, 11, 6, 14, 4]",x[1]/(x[0]|_div_|x[0]+cos(x[0])**(_inv_(x[2])**x[0]/(0.5942250656041724*x[5]))*x[5])**_log_(_inv_(x[0])*x[0])-(sin(x[0])+x[0]|_div_|0.723323292631134*_log_((x[0]**x[0]))),"{'generation': 0, 'evals': 1, 'test_error': 0.0}"
85,"[[0], [2, 2, 3], [], [4, 0], [1], [2]]",2.6179400219475673,6,_inv_(sin(x[2])),"[1, 3, 0, 2, 1, 1]",_inv_(sin(x[2])),"{'generation': 0, 'evals': 1, 'test_error': 0.0}"
86,"[[0], [1, 2, 4, 4, 3, 4, 3, 3, 2, 3, 3], [1], [1, 4], [0, 1, 0, 1, 0], [3, 1]]",2.6853220128766893,9,(cos(x[0]/(x[3]/(x[0]*x[5])*x[5])/(_inv_(x[1])*x[5]))-x[0]),"[1, 11, 1, 2, 5, 2]",(cos(x[0]/(x[3]/(x[0]*x[5])*x[5])/(_inv_(x[1])*x[5]))-x[0]),"{'generation': 0, 'evals': 1, 'test_error': 0.0}"
87,"[[0], [4, 4, 3, 4, 0, 0, 3, 3, 0, 3, 3, 4, 3, 2, 3, 0, 2, 3, 0, 2, 3, 2, 1, 3, 3], [4, 3, 1, 3, 0, 2], [1, 1, 1, 4], [1, 0, 2, 0, 0, 1, 1, 1, 1, 2, 2], [3, 2, 0, 1, 4]]",2.751623354310824,9,x[3]/(x[0]**Constant|_div_|x[0]-x[0]/(x[2]/(cos(x[0])*x[5])*x[5])*x[5])/(cos(x[1])|_div_|cos(x[4])+_inv_((Constant*Constant))*x[5]),"[1, 25, 6, 4, 11, 5]",x[3]/(x[0]**0.5942250656041724|_div_|x[0]-x[0]/(x[2]/(cos(x[0])*x[5])*x[5])*x[5])/(cos(x[1])|_div_|cos(x[4])+_inv_((0.723323292631134*0.08992457266499854))*x[5]),"{'generation': 0, 'evals': 1, 'test_error': 0.0}"
88,"[[0], [4, 2, 3, 3], [], [4], [1, 2], [3]]",2.7807404742935105,6,_inv_(x[3])/(Constant*x[5]),"[1, 4, 0, 1, 2, 1]",_inv_(x[3])/(0.5942250656041724*x[5]),"{'generation': 0, 'evals': 1, 'test_error': 0.0}"
89,"[[0], [2, 0, 2, 3, 4, 2, 0, 3, 3, 4, 4, 3, 3, 4, 3, 3], [3, 1], [4, 2, 4], [2, 0, 0, 2, 1, 2, 2], [2]]",2.829443592825151,9,_inv_(_exp_(Constant)|_div_|_inv_(x[0]-x[0])/(Constant/(x[2]*x[5])/(Constant/(Constant*x[5])*x[5])*x[5])),"[1, 16, 2, 3, 7, 1]",_inv_(_exp_(0.5942250656041724)|_div_|_inv_(x[0]-x[0])/(0.723323292631134/(x[2]*x[5])/(0.08992457266499854/(0.08558322728806267*x[5])*x[5])*x[5])),"{'generation': 0, 'evals': 1, 'test_error': 0.0}"
90,"[[0], [2, 2, 0, 1, 1, 3, 3, 1, 3, 3, 1, 1, 3, 3, 0, 3, 3], [4, 4, 2, 0, 2, 2, 2], [4, 1], [0, 2, 1, 2, 0, 0, 1, 2], [2, 3]]",2.9182793981905775,9,_inv_(cos(((x[0]**Constant)**(x[2]*Constant))+((x[0]*x[0])*x[3]*Constant))),"[1, 17, 7, 2, 8, 2]",_inv_(cos(((x[0]**0.5942250656041724)**(x[2]*0.723323292631134))+((x[0]*x[0])*x[3]*0.08992457266499854))),"{'generation': 0, 'evals': 1, 'test_error': 0.0}"
91,"[[0], [1, 3, 2, 1, 4, 1, 3, 3, 0, 3, 3, 4, 0, 3, 3, 2, 3], [4, 4, 4, 4, 3], [1, 1], [1, 2, 2, 2, 2, 2, 2, 0], [2]]",3.6525779199598127,8,(x[2]**cos(((Constant**Constant)/(Constant**Constant*x[5])**Constant|_div_|Constant/(cos(x[0])*x[5])))),"[1, 17, 5, 2, 8, 1]",(x[2]**cos(((0.5942250656041724**0.723323292631134)/(0.08992457266499854**0.08558322728806267*x[5])**0.33794059917606123|_div_|0.08756503566974927/(cos(x[0])*x[5])))),"{'generation': 0, 'evals': 1, 'test_error': 0.0}"
92,"[[0], [2, 2, 3], [], [3, 2], [1], [2]]",4.016385927315702,6,_log_(_exp_(x[2])),"[1, 3, 0, 2, 1, 1]",_log_(_exp_(x[2])),"{'generation': 0, 'evals': 1, 'test_error': 0.0}"
93,"[[0], [3], [], [], [1], [2]]",4.016385927315702,4,x[2],"[1, 1, 0, 0, 1, 1]",x[2],"{'generation': 0, 'evals': 1, 'test_error': 0.0}"
94,"[[0], [3], [], [], [1], [2]]",4.016385927315702,4,x[2],"[1, 1, 0, 0, 1, 1]",x[2],"{'generation': 0, 'evals': 1, 'test_error': 0.0}"
95,"[[0], [2, 4, 2, 2, 0, 3, 3, 1, 1, 4, 3, 3, 2, 3, 3], [3, 2, 3], [4, 2, 1, 4], [0, 1, 2, 0, 1, 0], [0, 5]]",4.703861280376966,9,_inv_(_exp_(cos(x[0]|_div_|x[0]))/(((Constant/(x[0]*x[5])*_inv_(x[5]))|_div_|x[0])*x[5])),"[1, 15, 3, 4, 6, 2]",_inv_(_exp_(cos(x[0]|_div_|x[0]))/(((0.5942250656041724/(x[0]*x[5])*_inv_(x[5]))|_div_|x[0])*x[5])),"{'generation': 0, 'evals': 1, 'test_error': 0.0}"
96,"[[0], [1, 1, 2, 4, 1, 3, 3, 0, 3, 3, 1, 3, 3, 2, 3], [0, 4, 0, 0, 1], [3, 3], [1, 2, 2, 0, 2, 1, 0], [1, 2]]",4.919311883069848,9,((_log_((x[1]+Constant)/(Constant**x[0]*x[5]))+(Constant+x[2]))-_log_(x[0])),"[1, 15, 5, 2, 7, 2]",((_log_((x[1]+0.5942250656041724)/(0.723323292631134**x[0]*x[5]))+(0.08992457266499854+x[2]))-_log_(x[0])),"{'generation': 0, 'evals': 1, 'test_error': 0.0}"
97,"[[0], [2, 0, 2, 3, 3], [4], [3, 0], [2, 1], [2]]",5.910637287666784,6,_log_(sin(Constant)**x[2]),"[1, 5, 1, 2, 2, 1]",_log_(sin(0.5942250656041724)**x[2]),"{'generation': 0, 'evals': 1, 'test_error': 0.0}"
98,"[[0], [4, 1, 2, 2, 2, 3, 1, 0, 1, 3, 3, 4, 3, 3, 0, 2, 3, 1, 3, 3, 3], [4, 1, 3, 0, 2, 2], [4, 1, 0, 0], [0, 2, 0, 0, 0, 2, 2, 2, 1], [4]]",6.125073231581671,8,(_inv_(cos(sin(x[0])))**((Constant-x[0])|_div_|x[0]/(x[0]*x[5])+sin(Constant)*(Constant*Constant)))/(x[4]*x[5]),"[1, 21, 6, 4, 9, 1]",(_inv_(cos(sin(x[0])))**((0.5942250656041724-x[0])|_div_|x[0]/(x[0]*x[5])+sin(0.723323292631134)*(0.08992457266499854*0.08558322728806267)))/(x[4]*x[5]),"{'generation': 0, 'evals': 1, 'test_error': 0.0}"
99,"[[0], [4, 2, 0, 1, 3, 1, 3, 3, 0, 4, 3, 3, 0, 3, 3, 2, 1, 1, 1, 3, 3, 1, 3, 3, 3], [3, 2, 4, 2, 1, 2, 1, 0, 1], [0, 3], [1, 0, 1, 0, 1, 0, 2, 1, 2, 0, 2, 2], [2, 3, 1, 2]]",7.592623164149746,9,sin((x[2]|_div_|(x[0]*x[3]))**x[0]/(x[1]*x[5])*x[0]-Constant)/(_log_((((x[2]*Constant)-(x[0]+Constant))-Constant))*x[5]),"[1, 25, 9, 2, 12, 4]",sin((x[2]|_div_|(x[0]*x[3]))**x[0]/(x[1]*x[5])*x[0]-0.5942250656041724)/(_log_((((x[2]*0.723323292631134)-(x[0]+0.08992457266499854))-0.08558322728806267))*x[5]),"{'generation': 0, 'evals': 1, 'test_error': 0.0}"
100,"[[0], [2, 2, 4, 3, 3], [], [2, 4], [1, 0], [5]]",7.823527386909454,7,_exp_(_inv_(x[5]/(x[0]*x[5]))),"[1, 5, 0, 2, 2, 1]",_exp_(_inv_(x[5]/(x[0]*x[5]))),"{'generation': 0, 'evals': 1, 'test_error': 0.0}"
101,"[[0], [1, 3, 4, 2, 3, 2, 2, 3], [2], [3, 2, 0], [2, 0, 1], [1]]",8.282818848433521,8,(Constant*_log_(x[0])/(_exp_(sin(x[1]))*x[5])),"[1, 8, 1, 3, 3, 1]",(0.5942250656041724*_log_(x[0])/(_exp_(sin(x[1]))*x[5])),"{'generation': 0, 'evals': 1, 'test_error': 0.0}"
102,"[[0], [2, 4, 0, 2, 1, 3, 3, 2, 3, 0, 1, 1, 3, 3, 0, 3, 3, 4, 0, 3, 3, 2, 3], [0, 4, 0, 2, 2, 0, 4], [3, 3, 2, 3], [2, 1, 0, 2, 2, 0, 0, 1, 1, 2], [3, 5, 1]]",8.631470749889818,9,_log_(_log_((Constant+x[3]))**_exp_(x[0])/(((Constant+Constant)*x[0]*x[0])+x[5]**x[1]/(_log_(Constant)*x[5])*x[5])),"[1, 23, 7, 4, 10, 3]",_log_(_log_((0.5942250656041724+x[3]))**_exp_(x[0])/(((0.723323292631134+0.08992457266499854)*x[0]*x[0])+x[5]**x[1]/(_log_(0.08558322728806267)*x[5])*x[5])),"{'generation': 0, 'evals': 1, 'test_error': 0.0}"
103,"[[0], [4, 1, 4, 1, 2, 3, 2, 3, 4, 1, 3, 3, 1, 3, 3, 2, 3, 2, 0, 3, 2, 2, 3], [3, 0, 3, 2, 2], [2, 0, 3, 4, 4, 3], [2, 2, 1, 0, 2, 2, 1, 1, 0], [2, 5, 1]]",9.848900307104575,9,((_exp_(Constant)|_div_|sin(Constant))/((x[2]+x[0])/((Constant|_div_|Constant)*x[5])*x[5])*_log_(x[5]))/(_inv_(x[1]*_inv_(_log_(x[0])))*x[5]),"[1, 23, 5, 6, 9, 3]",((_exp_(0.5942250656041724)|_div_|sin(0.723323292631134))/((x[2]+x[0])/((0.08992457266499854|_div_|0.08558322728806267)*x[5])*x[5])*_log_(x[5]))/(_inv_(x[1]*_inv_(_log_(x[0])))*x[5]),"{'generation': 0, 'evals': 1, 'test_error': 0.0}"
104,"[[0], [0, 2, 3, 4, 3, 1, 3, 1, 0, 3, 3, 1, 3, 3], [0, 0, 1, 2, 4], [1], [0, 2, 2, 0, 1, 0, 2], [5]]",12.812218789137752,9,cos(x[0])+Constant/((Constant+(x[0]-x[5]*(x[0]**Constant)))*x[5]),"[1, 14, 5, 1, 7, 1]",cos(x[0])+0.5942250656041724/((0.723323292631134+(x[0]-x[5]*(x[0]**0.08992457266499854)))*x[5]),"{'generation': 0, 'evals': 1, 'test_error': 0.0}"
105,"[[0], [0, 1, 0, 3, 4, 2, 3, 1, 3, 3, 2, 0, 3, 4, 3, 3, 3], [0, 1, 3, 2, 4], [3, 2], [1, 1, 0, 1, 0, 2, 2, 1], [2, 0, 0, 3]]",17.000473366899122,9,(x[2]+_log_(x[0])/((x[0]-x[0])*x[5])|_div_|_exp_(x[0]*Constant/(Constant*x[5])))**x[3],"[1, 17, 5, 2, 8, 4]",(x[2]+_log_(x[0])/((x[0]-x[0])*x[5])|_div_|_exp_(x[0]*0.5942250656041724/(0.723323292631134*x[5])))**x[3],"{'generation': 0, 'evals': 1, 'test_error': 0.0}"
106,"[[0], [2, 1, 1, 2, 4, 3, 3, 2, 2, 3, 2, 3], [1, 4], [3, 1, 2, 3, 3], [1, 1, 0, 1], [2, 0, 1]]",17.000473366899122,9,_log_(((cos(x[2]/(x[0]*x[5]))-_exp_(_log_(x[0])))**_log_(x[1]))),"[1, 12, 2, 5, 4, 3]",_log_(((cos(x[2]/(x[0]*x[5]))-_exp_(_log_(x[0])))**_log_(x[1]))),"{'generation': 0, 'evals': 1, 'test_error': 0.0}"
107,"[[0], [1, 0, 0, 4, 0, 3, 3, 2, 3, 1, 0, 3, 3, 3, 4, 0, 4, 3, 3, 3, 4, 2, 3, 4, 3, 3, 3], [2, 2, 0, 1, 0, 0, 1], [3, 2], [0, 2, 0, 1, 1, 2, 0, 2, 2, 1, 1, 2, 0], [3, 2, 1, 5]]",17.000473366899122,9,(x[0]*Constant/(_log_(x[0])*x[5])*(x[3]+x[2]-Constant)+x[0]/(Constant*x[5])+Constant/(_exp_(x[1])/(x[5]/(Constant*x[5])*x[5])*x[5])-x[0]),"[1, 27, 7, 2, 13, 4]",(x[0]*0.5942250656041724/(_log_(x[0])*x[5])*(x[3]+x[2]-0.723323292631134)+x[0]/(0.08992457266499854*x[5])+0.08558322728806267/(_exp_(x[1])/(x[5]/(0.33794059917606123*x[5])*x[5])*x[5])-x[0]),"{'generation': 0, 'evals': 1, 'test_error': 0.0}"
108,"[[0], [0, 0, 4, 2, 4, 3, 3, 1, 2, 3, 2, 3, 2, 4, 3, 3, 1, 4, 0, 0, 3, 3, 2, 3, 2, 2, 3, 1, 4, 2, 3, 2, 3, 4, 2, 3, 3], [3, 0, 2, 1, 3, 2, 3], [3, 2, 0, 1, 2, 4, 2, 3, 1, 3], [1, 1, 0, 1, 0, 1, 2, 2, 2, 0, 1, 2, 0, 1], [4, 3, 3, 0, 3, 1]]",17.000473366899122,9,_log_(x[4]/(x[3]*x[5]))/((_exp_(x[0])|_div_|sin(x[3]))*x[5])+cos(x[0]/(x[0]*x[5]))*(Constant-Constant|_div_|_exp_(Constant)/(_inv_(_exp_(x[0]))*x[5])*(_log_(x[3])/(cos(Constant)*x[5])|_div_|_log_(x[0])/(x[1]*x[5]))),"[1, 37, 7, 10, 14, 6]",_log_(x[4]/(x[3]*x[5]))/((_exp_(x[0])|_div_|sin(x[3]))*x[5])+cos(x[0]/(x[0]*x[5]))*(0.5942250656041724-0.723323292631134|_div_|_exp_(0.08992457266499854)/(_inv_(_exp_(x[0]))*x[5])*(_log_(x[3])/(cos(0.08558322728806267)*x[5])|_div_|_log_(x[0])/(x[1]*x[5]))),"{'generation': 0, 'evals': 1, 'test_error': 0.0}"
109,"[[0], [1, 2, 4, 4, 1, 3, 3, 3, 2, 3, 4, 4, 2, 2, 3, 4, 0, 3, 3, 4, 3, 3, 0, 1, 3, 3, 0, 4, 3, 3, 4, 3, 3], [0, 3, 4, 0, 3, 0], [1, 1, 2, 0], [0, 1, 0, 2, 1, 0, 2, 0, 1, 0, 0, 0, 2, 0, 1], [1, 0, 3, 4]]",17.000473366899122,9,(cos((x[0]+x[1])/(x[0]*x[5])/(cos(Constant)*x[5]))|_div_|_exp_(sin(x[0]))/(x[0]**Constant/(x[0]/(x[3]*x[5])*x[5])*x[5])/((x[0]+x[0])|_div_|x[0]/(Constant*x[5])+x[0]/(x[4]*x[5])*x[5])),"[1, 33, 6, 4, 15, 4]",(cos((x[0]+x[1])/(x[0]*x[5])/(cos(0.5942250656041724)*x[5]))|_div_|_exp_(sin(x[0]))/(x[0]**0.723323292631134/(x[0]/(x[3]*x[5])*x[5])*x[5])/((x[0]+x[0])|_div_|x[0]/(0.08992457266499854*x[5])+x[0]/(x[4]*x[5])*x[5])),"{'generation': 0, 'evals': 1, 'test_error': 0.0}"
110,"[[0], [1, 4, 1, 1, 2, 3, 0, 3, 3, 3, 4, 1, 4, 3, 3, 4, 3, 3, 3, 0, 2, 3, 4, 0, 3, 0, 3, 3, 3], [3, 1, 4, 0, 1, 4, 0, 2], [3, 3], [1, 2, 2, 2, 0, 0, 2, 0, 2, 0, 0, 1, 1, 0], [0, 3, 2]]",17.000473366899122,9,(((_log_(x[0])|_div_|Constant-Constant)**Constant)/((x[0]/(x[0]*x[5])+Constant/(x[0]*x[5]))/(Constant*x[5])*x[5])-_log_(x[0])**x[0]+x[3]*x[2]/(x[0]*x[5])),"[1, 29, 8, 2, 14, 3]",(((_log_(x[0])|_div_|0.5942250656041724-0.723323292631134)**0.08992457266499854)/((x[0]/(x[0]*x[5])+0.08558322728806267/(x[0]*x[5]))/(0.33794059917606123*x[5])*x[5])-_log_(x[0])**x[0]+x[3]*x[2]/(x[0]*x[5])),"{'generation': 0, 'evals': 1, 'test_error': 0.0}"
111,"[[0], [0, 4, 1, 4, 1, 3, 3, 4, 3, 3, 4, 0, 3, 3, 2, 3, 4, 3, 4, 3, 2, 3, 0, 0, 4, 1, 3, 3, 1, 3, 3, 2, 0, 3, 3, 2, 1, 2, 3, 1, 3, 3], [2, 3, 4, 2, 3, 2, 2, 3, 4, 3, 4], [3, 0, 0, 2, 0], [0, 1, 1, 1, 2, 0, 2, 2, 1, 2, 1, 2, 2, 2, 0, 1, 2, 1, 0], [0, 3, 0, 3, 1, 0, 1]]",17.000473366899122,9,((x[0]*x[0])/(x[3]/(x[0]*x[5])*x[5])|_div_|Constant**x[0]/(_log_(Constant)*x[5]))/(Constant/(x[3]/(sin(Constant)*x[5])*x[5])*x[5])*(x[1]|_div_|Constant)/((Constant*Constant)*x[5])*sin(x[0]|_div_|x[0])**_exp_((sin(Constant)|_div_|(x[1]**x[0]))),"[1, 42, 11, 5, 19, 7]",((x[0]*x[0])/(x[3]/(x[0]*x[5])*x[5])|_div_|0.5942250656041724**x[0]/(_log_(0.723323292631134)*x[5]))/(0.08992457266499854/(x[3]/(sin(0.08558322728806267)*x[5])*x[5])*x[5])*(x[1]|_div_|0.33794059917606123)/((0.08756503566974927*0.8433798356967075)*x[5])*sin(x[0]|_div_|x[0])**_exp_((sin(0.4099031398801315)|_div_|(x[1]**x[0]))),"{'generation': 0, 'evals': 1, 'test_error': 0.0}"
112,"[[0], [0, 4, 0, 4, 0, 3, 3, 1, 3, 3, 3, 2, 4, 2, 3, 1, 3, 3, 1, 3, 2, 0, 2, 3, 1, 3, 3], [1, 1, 0, 3, 4, 1, 2, 1], [0, 0, 2, 1], [0, 1, 2, 2, 2, 1, 2, 2, 2, 1, 1, 2], [5, 5, 2, 4]]",17.000473366899122,9,x[0]-x[5]/((Constant-Constant)*x[5])+Constant/(sin(sin(x[5])/((Constant|_div_|Constant)*x[5]))*x[5])**(Constant-_exp_(cos(x[2])*(x[4]-Constant))),"[1, 27, 8, 4, 12, 4]",x[0]-x[5]/((0.5942250656041724-0.723323292631134)*x[5])+0.08992457266499854/(sin(sin(x[5])/((0.08558322728806267|_div_|0.33794059917606123)*x[5]))*x[5])**(0.08756503566974927-_exp_(cos(x[2])*(x[4]-0.8433798356967075))),"{'generation': 0, 'evals': 1, 'test_error': 0.0}"
113,"[[0], [4, 2, 1, 1, 4, 3, 3, 4, 3, 3, 0, 0, 3, 3, 4, 3, 3, 0, 3, 3], [1, 2, 3, 0, 0], [1], [0, 0, 2, 2, 1, 0, 2, 0, 0, 1], [4, 2]]",17.000473366899122,9,cos(((x[0]/(x[0]*x[5])-Constant/(Constant*x[5]))*x[4]|_div_|x[0]+Constant/(x[0]*x[5])))/(x[0]+x[2]*x[5]),"[1, 20, 5, 1, 10, 2]",cos(((x[0]/(x[0]*x[5])-0.5942250656041724/(0.723323292631134*x[5]))*x[4]|_div_|x[0]+0.08992457266499854/(x[0]*x[5])))/(x[0]+x[2]*x[5]),"{'generation': 0, 'evals': 1, 'test_error': 0.0}"
114,"[[0], [0, 0, 2, 4, 4, 3, 3, 4, 3, 3, 1, 3, 3, 1, 0, 3, 1, 2, 3, 4, 3, 3, 2, 4, 1, 3, 3, 1, 3, 3], [4, 0, 1, 4, 2, 4, 2, 3], [0, 4, 2], [0, 0, 0, 2, 2, 2, 0, 0, 0, 0, 0, 2, 2, 2], []]",17.000473366899122,8,sin(x[0]/(x[0]*x[5])/(x[0]/(Constant*x[5])*x[5]))**(Constant+Constant)-(x[0]**(_inv_(x[0])*x[0]/(x[0]*x[5]))**_exp_((x[0]*Constant)/((Constant|_div_|Constant)*x[5]))),"[1, 30, 8, 3, 14, 0]",sin(x[0]/(x[0]*x[5])/(x[0]/(0.5942250656041724*x[5])*x[5]))**(0.723323292631134+0.08992457266499854)-(x[0]**(_inv_(x[0])*x[0]/(x[0]*x[5]))**_exp_((x[0]*0.08558322728806267)/((0.33794059917606123|_div_|0.08756503566974927)*x[5]))),"{'generation': 0, 'evals': 1, 'test_error': 0.0}"
115,"[[0], [1, 0, 2, 2, 2, 3, 2, 4, 1, 3, 3, 4, 3, 3, 0, 1, 2, 4, 3, 3, 1, 0, 3, 3, 0, 3, 3, 4, 0, 4, 3, 3, 0, 3, 3, 3], [4, 2, 1, 1, 2, 3, 0, 4, 1, 1], [4, 0, 3, 0, 1], [0, 1, 1, 1, 2, 2, 0, 2, 1, 0, 2, 2, 0, 2, 0, 2], [0, 0, 0, 4]]",17.000473366899122,9,(_inv_(sin(_log_(x[0])))**sin((x[0]*x[0])/(x[0]/(Constant*x[5])*x[5]))-(cos(Constant/(x[0]*x[5]))-(Constant*x[4]|_div_|x[0]+Constant))**Constant/(x[0]*x[5])-Constant-x[0]/(Constant*x[5])),"[1, 36, 10, 5, 16, 4]",(_inv_(sin(_log_(x[0])))**sin((x[0]*x[0])/(x[0]/(0.5942250656041724*x[5])*x[5]))-(cos(0.723323292631134/(x[0]*x[5]))-(0.08992457266499854*x[4]|_div_|x[0]+0.08558322728806267))**0.33794059917606123/(x[0]*x[5])-0.08756503566974927-x[0]/(0.8433798356967075*x[5])),"{'generation': 0, 'evals': 1, 'test_error': 0.0}"
116,"[[0], [1, 2, 1, 4, 3, 0, 3, 3, 4, 0, 3, 3, 0, 3, 3, 1, 2, 1, 3, 4, 3, 3, 2, 2, 1, 3, 3], [1, 1, 0, 1, 2, 3, 2, 1], [0, 2, 3, 0], [0, 0, 1, 2, 2, 0, 0, 0, 0, 2, 2, 2], [2]]",17.000473366899122,9,(sin((x[0]/(x[0]-x[2]*x[5])-Constant+Constant/(x[0]-x[0]*x[5])))*(_exp_((x[0]|_div_|x[0]/(Constant*x[5])))*_log_(sin((Constant-Constant))))),"[1, 27, 8, 4, 12, 1]",(sin((x[0]/(x[0]-x[2]*x[5])-0.5942250656041724+0.723323292631134/(x[0]-x[0]*x[5])))*(_exp_((x[0]|_div_|x[0]/(0.08992457266499854*x[5])))*_log_(sin((0.08558322728806267-0.33794059917606123))))),"{'generation': 0, 'evals': 1, 'test_error': 0.0}"
117,"[[0], [0, 2, 0, 4, 0, 3, 3, 3, 0, 2, 3, 3, 1, 2, 3, 1, 2, 3, 2, 2, 3], [4, 1, 3, 0, 0, 4], [0, 2, 3, 0, 0, 4], [1, 0, 0, 2, 2, 2, 1, 1], [5, 1, 2]]",17.000473366899122,9,sin(x[5]**x[0]/(x[0]*x[5])-_exp_(Constant)|_div_|Constant)+(_log_(Constant)+(sin(x[1])**sin(_inv_(x[2])))),"[1, 21, 6, 6, 8, 3]",sin(x[5]**x[0]/(x[0]*x[5])-_exp_(0.5942250656041724)|_div_|0.723323292631134)+(_log_(0.08992457266499854)+(sin(x[1])**sin(_inv_(x[2])))),"{'generation': 0, 'evals': 1, 'test_error': 0.0}"
118,"[[0], [4, 2, 4, 4, 2, 3, 3, 4, 3, 1, 3, 3, 0, 4, 1, 3, 4, 3, 3, 1, 4, 3, 3, 2, 3, 0, 0, 1, 3, 3, 2, 3, 0, 0, 3, 3, 0, 3, 3], [1, 4, 0, 3, 2, 0, 0, 0, 0, 0], [3, 2, 3, 0], [2, 0, 2, 1, 2, 0, 1, 0, 0, 1, 1, 2, 2, 1, 1, 1, 0, 0], [5, 2, 3, 4, 4, 0, 0]]",17.000473366899122,9,_log_(_exp_(Constant)/(x[0]*x[5])/(Constant/((x[5]-Constant)*x[5])*x[5]))/((x[0]**x[2]/(x[0]*x[5]))/((x[0]/(x[3]*x[5])+_log_(x[4]))*x[5])|_div_|(Constant*Constant)+sin(x[4])+x[0]+x[0]+x[0]+x[0]*x[5]),"[1, 39, 10, 4, 18, 7]",_log_(_exp_(0.5942250656041724)/(x[0]*x[5])/(0.723323292631134/((x[5]-0.08992457266499854)*x[5])*x[5]))/((x[0]**x[2]/(x[0]*x[5]))/((x[0]/(x[3]*x[5])+_log_(x[4]))*x[5])|_div_|(0.08558322728806267*0.33794059917606123)+sin(x[4])+x[0]+x[0]+x[0]+x[0]*x[5]),"{'generation': 0, 'evals': 1, 'test_error': 0.0}"
119,"[[0], [2, 0, 0, 0, 2, 3, 4, 3, 3, 0, 0, 3, 3, 2, 3, 4, 1, 2, 3, 4, 3, 3, 3], [4, 1, 3, 1, 3, 0], [1, 3, 1, 3], [2, 2, 0, 2, 1, 2, 1, 2, 0, 1], [0, 5, 1]]",17.000473366899122,9,cos(_log_(Constant)**Constant/(x[0]*x[5])-Constant|_div_|x[0]-cos(Constant)|_div_|(_log_(x[5])+Constant/(x[0]*x[5]))/(x[1]*x[5])),"[1, 23, 6, 4, 10, 3]",cos(_log_(0.5942250656041724)**0.723323292631134/(x[0]*x[5])-0.08992457266499854|_div_|x[0]-cos(0.08558322728806267)|_div_|(_log_(x[5])+0.33794059917606123/(x[0]*x[5]))/(x[1]*x[5])),"{'generation': 0, 'evals': 1, 'test_error': 0.0}"
120,"[[0], [4, 3, 1, 4, 0, 4, 3, 3, 3, 3, 1, 3, 4, 3, 0, 3, 3], [1, 4, 2, 1], [], [2, 2, 2, 1, 2, 2, 0, 0, 1], [3, 0]]",17.000473366899122,9,Constant/((Constant/(Constant*x[5])-x[3]/(Constant*x[5])**(Constant*x[0]/(x[0]-x[0]*x[5])))*x[5]),"[1, 17, 4, 0, 9, 2]",0.5942250656041724/((0.723323292631134/(0.08992457266499854*x[5])-x[3]/(0.08558322728806267*x[5])**(0.33794059917606123*x[0]/(x[0]-x[0]*x[5])))*x[5]),"{'generation': 0, 'evals': 1, 'test_error': 0.0}"
121,"[[0], [0, 2, 4, 3, 2, 0, 3, 3, 0, 4, 4, 2, 3, 3, 4, 2, 3, 1, 3, 3, 2, 2, 2, 3], [4, 3, 1, 4], [1, 2, 0, 2, 4, 3, 4], [2, 2, 1, 0, 0, 2, 1, 1, 2], [5, 0, 1]]",17.000473366899122,9,cos(Constant/(_exp_(Constant**x[5])*x[5]))|_div_|sin(x[0])/(x[0]*x[5])/(_exp_(Constant)/((x[0]-x[1])*x[5])*x[5])**_inv_(_log_(_inv_(Constant))),"[1, 24, 4, 7, 9, 3]",cos(0.5942250656041724/(_exp_(0.723323292631134**x[5])*x[5]))|_div_|sin(x[0])/(x[0]*x[5])/(_exp_(0.08992457266499854)/((x[0]-x[1])*x[5])*x[5])**_inv_(_log_(_inv_(0.08558322728806267))),"{'generation': 0, 'evals': 1, 'test_error': 0.0}"
122,"[[0], [0, 1, 1, 0, 1, 3, 3, 0, 3, 3, 1, 3, 4, 3, 3, 2, 3, 0, 1, 4, 0, 3, 3, 1, 3, 3, 1, 0, 3, 3, 0, 3, 3, 0, 4, 3, 3, 3], [3, 3, 1, 4, 3, 4, 2, 0, 0, 0, 2, 4, 2, 0, 0], [1], [2, 1, 1, 2, 1, 0, 0, 2, 0, 0, 0, 1, 0, 2, 0, 0, 0, 0, 1], [1, 4, 1, 3, 2]]",17.000473366899122,9,(((Constant|_div_|x[1])|_div_|x[4]-Constant**(x[1]|_div_|x[0]/(x[0]*x[5])))**cos(Constant))*(x[0]+x[0]/((x[0]+x[3])*x[5])+(x[0]*Constant**x[0]*x[0]))+x[0]/(x[0]*x[5])+x[2],"[1, 38, 15, 1, 19, 5]",(((0.5942250656041724|_div_|x[1])|_div_|x[4]-0.723323292631134**(x[1]|_div_|x[0]/(x[0]*x[5])))**cos(0.08992457266499854))*(x[0]+x[0]/((x[0]+x[3])*x[5])+(x[0]*0.08558322728806267**x[0]*x[0]))+x[0]/(x[0]*x[5])+x[2],"{'generation': 0, 'evals': 1, 'test_error': 0.0}"
123,"[[0], [1, 3, 1, 0, 2, 0, 3, 3, 0, 0, 3, 3, 2, 3, 2, 0, 1, 3, 3, 1, 3, 3], [4, 0, 1, 2, 2, 4, 4, 4, 3], [0, 1, 3], [0, 1, 0, 0, 0, 0, 2, 1, 0, 2], [4, 1]]",17.000473366899122,9,(x[0]**(sin(x[4]+x[0])-x[0]*x[0]*cos(x[0])**_log_((Constant**x[1])**(x[0]|_div_|Constant)))),"[1, 22, 9, 3, 10, 2]",(x[0]**(sin(x[4]+x[0])-x[0]*x[0]*cos(x[0])**_log_((0.5942250656041724**x[1])**(x[0]|_div_|0.723323292631134)))),"{'generation': 0, 'evals': 1, 'test_error': 0.0}"
124,"[[0], [1, 2, 4, 0, 0, 3, 3, 0, 3, 3, 1, 2, 3, 4, 3, 3, 1, 4, 1, 4, 3, 3, 4, 3, 3, 1, 0, 3, 3, 2, 3, 2, 4, 2, 3, 3], [2, 0, 0, 0, 0, 1, 3, 1, 0], [0, 3, 2, 2, 4], [1, 0, 1, 1, 1, 2, 1, 0, 1, 2, 0, 0, 2, 2, 0, 1], [4, 4, 3, 2, 1, 2, 5]]",17.000473366899122,9,(sin(x[4]*x[0]+x[4]+x[3]/((_log_(x[2])+Constant/(x[1]*x[5]))*x[5]))+((x[0]/(x[2]*x[5])-Constant/(x[0]*x[5]))/((x[0]|_div_|Constant-_exp_(Constant))*x[5])+_exp_(_inv_(x[0])/(x[5]*x[5])))),"[1, 36, 9, 5, 16, 7]",(sin(x[4]*x[0]+x[4]+x[3]/((_log_(x[2])+0.5942250656041724/(x[1]*x[5]))*x[5]))+((x[0]/(x[2]*x[5])-0.723323292631134/(x[0]*x[5]))/((x[0]|_div_|0.08992457266499854-_exp_(0.08558322728806267))*x[5])+_exp_(_inv_(x[0])/(x[5]*x[5])))),"{'generation': 0, 'evals': 1, 'test_error': 0.0}"
125,"[[0], [1, 3, 2, 0, 0, 0, 3, 3, 0, 3, 3, 2, 4, 3, 3], [3, 4, 2, 2, 1], [4, 2], [1, 0, 0, 2, 2, 1, 2], [3, 3]]",17.000473366899122,9,(x[3]|_div_|_inv_(x[0]**x[0]*Constant*Constant-_exp_(x[3]/(Constant*x[5])))),"[1, 15, 5, 2, 7, 2]",(x[3]|_div_|_inv_(x[0]**x[0]*0.5942250656041724*0.723323292631134-_exp_(x[3]/(0.08992457266499854*x[5])))),"{'generation': 0, 'evals': 1, 'test_error': 0.0}"
126,"[[0], [4, 2, 1, 4, 2, 3, 3, 2, 3, 0, 4, 1, 0, 3, 3, 1, 3, 3, 2, 1, 3, 3, 1, 0, 3, 0, 3, 3, 2, 1, 3, 3], [1, 2, 4, 3, 2, 4, 0, 0, 1, 3], [2, 3, 0, 1, 2], [2, 2, 1, 1, 1, 1, 0, 0, 0, 1, 1, 2, 2, 1], [2, 1, 2, 5, 3, 3, 1]]",17.000473366899122,9,_exp_((_log_(Constant)/(Constant*x[5])-sin(x[2])))/((x[1]*x[2]**(x[5]|_div_|x[0]))/(cos((x[0]*x[0]))*x[5])**(x[3]+x[3]+Constant-_exp_((Constant|_div_|x[1])))*x[5]),"[1, 32, 10, 5, 14, 7]",_exp_((_log_(0.5942250656041724)/(0.723323292631134*x[5])-sin(x[2])))/((x[1]*x[2]**(x[5]|_div_|x[0]))/(cos((x[0]*x[0]))*x[5])**(x[3]+x[3]+0.08992457266499854-_exp_((0.08558322728806267|_div_|x[1])))*x[5]),"{'generation': 0, 'evals': 1, 'test_error': 0.0}"
127,"[[0], [1, 2, 0, 4, 0, 3, 3, 1, 3, 3, 1, 1, 3, 3, 2, 3, 2, 0, 4, 3, 2, 3, 2, 0, 3, 3], [1, 0, 1, 1, 1, 3, 2, 1], [3, 1, 2, 0, 2], [2, 0, 0, 0, 0, 1, 0, 0, 2, 0, 2], [1]]",17.000473366899122,9,(_log_(Constant-x[0]/((x[0]+x[0])*x[5])-((x[0]-x[1])-cos(x[0])))|_div_|_exp_(x[0]/(sin(Constant)*x[5])*_exp_(x[0]-Constant))),"[1, 26, 8, 5, 11, 1]",(_log_(0.5942250656041724-x[0]/((x[0]+x[0])*x[5])-((x[0]-x[1])-cos(x[0])))|_div_|_exp_(x[0]/(sin(0.723323292631134)*x[5])*_exp_(x[0]-0.08992457266499854))),"{'generation': 0, 'evals': 1, 'test_error': 0.0}"
128,"[[0], [2, 4, 0, 3, 0, 3, 3, 4, 3, 1, 0, 3, 3, 0, 3, 3], [0, 4, 3, 1, 0], [0], [1, 1, 0, 0, 2, 2, 2, 0], [3, 0]]",17.000473366899122,8,sin(x[3]+x[0]**x[0]/(x[0]/((Constant|_div_|Constant-Constant+x[0])*x[5])*x[5])),"[1, 16, 5, 1, 8, 2]",sin(x[3]+x[0]**x[0]/(x[0]/((0.5942250656041724|_div_|0.723323292631134-0.08992457266499854+x[0])*x[5])*x[5])),"{'generation': 0, 'evals': 1, 'test_error': 0.0}"
129,"[[0], [0, 2, 3, 4, 3, 2, 0, 0, 3, 3, 2, 3], [4, 1, 4], [3, 2, 2], [2, 1, 2, 0, 1], [1, 5]]",17.000473366899122,9,_log_(Constant)**x[1]/(_exp_(Constant-x[0]**_exp_(x[5]))*x[5]),"[1, 12, 3, 3, 5, 2]",_log_(0.5942250656041724)**x[1]/(_exp_(0.723323292631134-x[0]**_exp_(x[5]))*x[5]),"{'generation': 0, 'evals': 1, 'test_error': 0.0}"
130,"[[0], [1, 0, 1, 1, 2, 3, 4, 3, 3, 4, 2, 3, 4, 3, 3, 3, 3], [0, 1, 0, 4], [0, 2], [0, 0, 2, 0, 0, 0, 0, 0], []]",17.000473366899122,8,(((sin(x[0])+x[0]/(Constant*x[5]))-_exp_(x[0])/(x[0]/(x[0]*x[5])*x[5]))+x[0]**x[0]),"[1, 17, 4, 2, 8, 0]",(((sin(x[0])+x[0]/(0.5942250656041724*x[5]))-_exp_(x[0])/(x[0]/(x[0]*x[5])*x[5]))+x[0]**x[0]),"{'generation': 0, 'evals': 1, 'test_error': 0.0}"
131,"[[0], [0, 0, 0, 0, 1, 3, 3, 4, 3, 3, 0, 0, 3, 3, 0, 3, 3, 3, 2, 1, 4, 0, 3, 3, 0, 3, 3, 3], [3, 0, 2, 0, 1, 0, 0, 0, 4, 4, 4], [1], [1, 2, 2, 0, 1, 0, 2, 2, 0, 0, 0, 1, 1, 1], [3, 0, 0, 4, 3]]",17.000473366899122,9,(x[3]|_div_|Constant)+Constant/(x[0]*x[5])*x[0]+x[0]-Constant+Constant+x[0]+cos((x[0]**x[0]/(x[0]**x[4]*x[5])**x[3])),"[1, 28, 11, 1, 14, 5]",(x[3]|_div_|0.5942250656041724)+0.723323292631134/(x[0]*x[5])*x[0]+x[0]-0.08992457266499854+0.08558322728806267+x[0]+cos((x[0]**x[0]/(x[0]**x[4]*x[5])**x[3])),"{'generation': 0, 'evals': 1, 'test_error': 0.0}"
132,"[[0], [0, 2, 3, 1, 4, 3, 4, 2, 3, 3, 3], [4, 1], [0, 3], [0, 2, 0, 0, 0], []]",17.000473366899122,8,sin(x[0])**(Constant/(_log_(x[0])/(x[0]*x[5])*x[5])-x[0]),"[1, 11, 2, 2, 5, 0]",sin(x[0])**(0.5942250656041724/(_log_(x[0])/(x[0]*x[5])*x[5])-x[0]),"{'generation': 0, 'evals': 1, 'test_error': 0.0}"
133,"[[0], [1, 0, 3, 0, 3, 3, 2, 1, 1, 4, 3, 3, 3, 4, 0, 3, 3, 0, 3, 3], [1, 3, 1, 1, 3, 1, 2], [3], [2, 2, 1, 1, 0, 1, 0, 2, 0, 0], [1, 2, 3]]",17.000473366899122,9,(Constant-Constant|_div_|x[1]-_log_(((x[2]/(x[0]*x[5])-x[3])|_div_|x[0]-Constant/(x[0]*x[0]*x[5])))),"[1, 20, 7, 1, 10, 3]",(0.5942250656041724-0.723323292631134|_div_|x[1]-_log_(((x[2]/(x[0]*x[5])-x[3])|_div_|x[0]-0.08992457266499854/(x[0]*x[0]*x[5])))),"{'generation': 0, 'evals': 1, 'test_error': 0.0}"
134,"[[0], [0, 2, 4, 0, 4, 3, 3, 3, 0, 1, 3, 3, 1, 3, 3, 1, 0, 1, 4, 3, 3, 4, 3, 3, 2, 3, 2, 4, 0, 3, 3, 0, 3, 3], [1, 2, 3, 0, 1, 0, 1, 1, 0, 4], [2, 1, 2], [1, 1, 2, 1, 2, 2, 0, 0, 1, 2, 0, 1, 2, 1, 1, 0], [5, 5, 5, 5, 2, 0, 5]]",17.000473366899122,9,_exp_(x[5]/(x[5]*x[5])-Constant/((x[5]*Constant)|_div_|(Constant+x[0])*x[5]))-((x[0]/(x[5]*x[5])+Constant/(x[0]*x[5]))-cos(x[2])-_exp_(Constant+x[0]/(x[5]**x[0]*x[5]))),"[1, 34, 10, 3, 16, 7]",_exp_(x[5]/(x[5]*x[5])-0.5942250656041724/((x[5]*0.723323292631134)|_div_|(0.08992457266499854+x[0])*x[5]))-((x[0]/(x[5]*x[5])+0.08558322728806267/(x[0]*x[5]))-cos(x[2])-_exp_(0.33794059917606123+x[0]/(x[5]**x[0]*x[5]))),"{'generation': 0, 'evals': 1, 'test_error': 0.0}"
135,"[[0], [2, 1, 1, 4, 1, 3, 3, 4, 3, 3, 4, 2, 3, 0, 3, 3, 4, 1, 4, 3, 3, 2, 3, 2, 4, 3, 3], [3, 0, 3, 4, 1], [4, 3, 1, 2], [2, 0, 1, 1, 0, 1, 0, 0, 1, 1, 0, 0], [3, 2, 2, 4, 2]]",17.000473366899122,9,_inv_((((Constant|_div_|x[0])/(x[3]/(x[2]*x[5])*x[5])+_log_(x[0])/(x[2]|_div_|x[0]*x[5]))**(x[0]/(x[4]*x[5])-cos(x[2]))/(_exp_(x[0]/(x[0]*x[5]))*x[5]))),"[1, 27, 5, 4, 12, 5]",_inv_((((0.5942250656041724|_div_|x[0])/(x[3]/(x[2]*x[5])*x[5])+_log_(x[0])/(x[2]|_div_|x[0]*x[5]))**(x[0]/(x[4]*x[5])-cos(x[2]))/(_exp_(x[0]/(x[0]*x[5]))*x[5]))),"{'generation': 0, 'evals': 1, 'test_error': 0.0}"
136,"[[0], [4, 1, 4, 0, 4, 3, 3, 2, 3, 4, 4, 3, 3, 4, 3, 3, 2, 2, 3, 4, 0, 2, 2, 3, 0, 1, 3, 3, 1, 3, 3, 4, 2, 0, 3, 3, 3], [2, 0, 2, 3, 0, 2, 0], [4, 0, 2, 1, 0, 3], [2, 2, 2, 2, 0, 0, 1, 1, 2, 2, 0, 0, 1, 0, 0, 0], [1, 3, 5]]",17.000473366899122,9,(Constant/(Constant*x[5])*_inv_(Constant)/(Constant/(x[0]*x[5])/(x[0]/(x[1]*x[5])*x[5])*x[5])+sin(_exp_(x[3])))/(cos(sin(Constant))*(Constant|_div_|x[0])+(x[0]*x[5])/(_log_(x[0]+x[0])/(x[0]*x[5])*x[5])*x[5]),"[1, 37, 7, 6, 16, 3]",(0.5942250656041724/(0.723323292631134*x[5])*_inv_(0.08992457266499854)/(0.08558322728806267/(x[0]*x[5])/(x[0]/(x[1]*x[5])*x[5])*x[5])+sin(_exp_(x[3])))/(cos(sin(0.33794059917606123))*(0.08756503566974927|_div_|x[0])+(x[0]*x[5])/(_log_(x[0]+x[0])/(x[0]*x[5])*x[5])*x[5]),"{'generation': 0, 'evals': 1, 'test_error': 0.0}"
137,"[[0], [2, 4, 3, 1, 4, 1, 3, 3, 0, 3, 3, 3], [4, 2, 4], [3], [0, 0, 1, 1, 0, 2], [1, 5]]",17.000473366899122,9,_log_(x[0]/(((x[0]**x[1])/(x[5]*x[0]*x[5])**Constant)*x[5])),"[1, 12, 3, 1, 6, 2]",_log_(x[0]/(((x[0]**x[1])/(x[5]*x[0]*x[5])**0.5942250656041724)*x[5])),"{'generation': 0, 'evals': 1, 'test_error': 0.0}"
138,"[[0], [0, 1, 4, 4, 2, 3, 4, 3, 3, 2, 0, 3, 3, 1, 1, 0, 3, 3, 4, 3, 3, 2, 2, 3, 4, 3, 2, 1, 2, 3, 1, 3, 3], [1, 2, 4, 2, 0, 1, 1, 4], [3, 2, 4, 1, 2, 4], [0, 1, 1, 0, 0, 1, 2, 2, 0, 2, 2, 1, 0, 0], [1, 3, 1, 1]]",17.000473366899122,9,(_log_(x[0])/(x[1]/(x[3]*x[5])*x[5])/(_exp_(x[0]-x[0])*x[5])*((x[1]**Constant*Constant/(x[0]*x[5]))+_inv_(cos(Constant))))-Constant/(_exp_((_inv_(x[1])-(x[0]**x[0])))*x[5]),"[1, 33, 8, 6, 14, 4]",(_log_(x[0])/(x[1]/(x[3]*x[5])*x[5])/(_exp_(x[0]-x[0])*x[5])*((x[1]**0.5942250656041724*0.723323292631134/(x[0]*x[5]))+_inv_(cos(0.08992457266499854))))-0.08558322728806267/(_exp_((_inv_(x[1])-(x[0]**x[0])))*x[5]),"{'generation': 0, 'evals': 1, 'test_error': 0.0}"
139,"[[0], [0, 4, 1, 2, 4, 3, 3, 3, 4, 3, 2, 1, 3, 3, 0, 2, 1, 4, 3, 3, 3, 3], [3, 0, 1, 3, 1], [1, 1, 4], [1, 0, 2, 1, 2, 1, 2, 1, 1, 1], [1, 0, 4, 3, 0, 1]]",17.000473366899122,9,(cos(x[1]/(x[0]*x[5]))|_div_|Constant)/(x[0]/(cos((Constant+x[4]))*x[5])*x[5])-_inv_((Constant/(x[3]*x[5])|_div_|x[0]))-x[1],"[1, 22, 5, 3, 10, 6]",(cos(x[1]/(x[0]*x[5]))|_div_|0.5942250656041724)/(x[0]/(cos((0.723323292631134+x[4]))*x[5])*x[5])-_inv_((0.08992457266499854/(x[3]*x[5])|_div_|x[0]))-x[1],"{'generation': 0, 'evals': 1, 'test_error': 0.0}"
140,"[[0], [4, 3, 3], [], [], [0, 0], []]",17.000473366899122,4,x[0]/(x[0]*x[5]),"[1, 3, 0, 0, 2, 0]",x[0]/(x[0]*x[5]),"{'generation': 0, 'evals': 1, 'test_error': 0.0}"
141,"[[0], [4, 1, 2, 2, 4, 3, 3, 2, 3, 0, 3, 4, 2, 4, 3, 3, 4, 4, 3, 3, 1, 3, 3], [4, 2, 1], [0, 0, 4, 2], [2, 1, 2, 0, 2, 0, 0, 2, 0, 0], [1]]",17.000473366899122,9,(sin(sin(Constant/(x[1]*x[5])))**_inv_(Constant))/(x[0]*_exp_(Constant/(x[0]*x[5]))/(x[0]/(Constant*x[5])/((x[0]-x[0])*x[5])*x[5])*x[5]),"[1, 23, 3, 4, 10, 1]",(sin(sin(0.5942250656041724/(x[1]*x[5])))**_inv_(0.723323292631134))/(x[0]*_exp_(0.08992457266499854/(x[0]*x[5]))/(x[0]/(0.08558322728806267*x[5])/((x[0]-x[0])*x[5])*x[5])*x[5]),"{'generation': 0, 'evals': 1, 'test_error': 0.0}"
142,"[[0], [1, 0, 0, 2, 4, 3, 3, 3, 1, 2, 3, 1, 3, 4, 3, 3, 2, 1, 1, 2, 3, 2, 3, 1, 0, 3, 3, 1, 3, 3], [4, 3, 4, 0, 3, 1, 2, 0, 4, 0], [1, 3, 1, 2, 2], [0, 1, 1, 2, 2, 0, 1, 2, 2, 0, 0, 1, 0], [4, 5, 5, 3]]",17.000473366899122,9,(cos(x[0]/(x[4]*x[5]))**x[5]|_div_|(_log_(Constant)**(Constant+x[0]/(x[5]*x[5])))|_div_|cos(((_exp_(Constant)-_exp_(Constant))*(x[0]+x[0]**(x[3]+x[0]))))),"[1, 30, 10, 5, 13, 4]",(cos(x[0]/(x[4]*x[5]))**x[5]|_div_|(_log_(0.5942250656041724)**(0.723323292631134+x[0]/(x[5]*x[5])))|_div_|cos(((_exp_(0.08992457266499854)-_exp_(0.08558322728806267))*(x[0]+x[0]**(x[3]+x[0]))))),"{'generation': 0, 'evals': 1, 'test_error': 0.0}"
143,"[[0], [0, 3, 1, 0, 0, 3, 3, 2, 4, 3, 3, 2, 3], [3, 0, 3, 2], [2, 2], [1, 0, 1, 1, 0, 0], [2, 2, 4]]",17.000473366899122,9,x[2]|_div_|(x[0]+x[2]|_div_|_exp_(x[4]/(x[0]*x[5]))*_exp_(x[0])),"[1, 13, 4, 2, 6, 3]",x[2]|_div_|(x[0]+x[2]|_div_|_exp_(x[4]/(x[0]*x[5]))*_exp_(x[0])),"{'generation': 0, 'evals': 1, 'test_error': 0.0}"
144,"[[0], [4, 1, 1, 2, 3, 2, 0, 3, 3, 4, 1, 1, 3, 3, 0, 3, 3, 2, 4, 3, 3, 1, 1, 0, 4, 3, 3, 2, 3, 0, 1, 3, 3, 1, 3, 3, 3], [4, 0, 4, 1, 4, 1, 0, 1, 0, 4, 1, 2], [4, 0, 2, 4], [0, 0, 0, 1, 0, 1, 2, 0, 1, 2, 1, 0, 0, 0, 2, 2, 2], [4, 5, 5, 4]]",17.000473366899122,9,((_inv_(x[0])**sin(x[0]+x[0]))**((x[4]-x[0])**x[5]-Constant)/(_exp_(x[0]/(x[5]*x[5]))*x[5]))/(((Constant/(x[4]*x[5])+_inv_(x[0])-(x[0]+x[0])**(Constant-Constant))*Constant)*x[5]),"[1, 37, 12, 4, 17, 4]",((_inv_(x[0])**sin(x[0]+x[0]))**((x[4]-x[0])**x[5]-0.5942250656041724)/(_exp_(x[0]/(x[5]*x[5]))*x[5]))/(((0.723323292631134/(x[4]*x[5])+_inv_(x[0])-(x[0]+x[0])**(0.08992457266499854-0.08558322728806267))*0.33794059917606123)*x[5]),"{'generation': 0, 'evals': 1, 'test_error': 0.0}"
145,"[[0], [4, 0, 2, 4, 3, 2, 3, 0, 2, 2, 3, 4, 0, 3, 3, 1, 3, 3, 0, 2, 4, 1, 3, 3, 0, 3, 3, 0, 1, 2, 3, 1, 3, 3, 2, 4, 3, 3], [1, 1, 3, 3, 3, 4, 4, 3, 1, 2], [2, 3, 3, 0, 0, 0, 3], [0, 0, 2, 0, 0, 2, 0, 2, 1, 2, 2, 2, 0, 1, 2, 1], [3, 1, 3]]",17.000473366899122,9,_exp_(x[0]/(_log_(x[0])*x[5]))-_log_(sin(Constant))-x[0]|_div_|x[0]/((Constant|_div_|x[0])*x[5])/(sin((Constant|_div_|x[3])/(Constant**Constant*x[5]))**(sin(Constant)|_div_|(x[0]-x[1]))*_log_(Constant/(x[3]*x[5]))*x[5]),"[1, 38, 10, 7, 16, 3]",_exp_(x[0]/(_log_(x[0])*x[5]))-_log_(sin(0.5942250656041724))-x[0]|_div_|x[0]/((0.723323292631134|_div_|x[0])*x[5])/(sin((0.08992457266499854|_div_|x[3])/(0.08558322728806267**0.33794059917606123*x[5]))**(sin(0.08756503566974927)|_div_|(x[0]-x[1]))*_log_(0.8433798356967075/(x[3]*x[5]))*x[5]),"{'generation': 0, 'evals': 1, 'test_error': 0.0}"
146,"[[0], [1, 0, 1, 2, 4, 3, 3, 3, 3, 0, 2, 2, 2, 3, 3], [3, 0, 3, 1], [2, 3, 2, 1], [0, 0, 2, 0, 2, 1], [3]]",17.000473366899122,8,((_exp_(x[0]/(x[0]*x[5]))|_div_|Constant)+x[0]|_div_|_log_(_exp_(cos(Constant)))-x[3]),"[1, 15, 4, 4, 6, 1]",((_exp_(x[0]/(x[0]*x[5]))|_div_|0.5942250656041724)+x[0]|_div_|_log_(_exp_(cos(0.723323292631134)))-x[3]),"{'generation': 0, 'evals': 1, 'test_error': 0.0}"
147,"[[0], [2, 4, 3, 3], [], [0], [0, 0], []]",17.000473366899122,5,sin(x[0]/(x[0]*x[5])),"[1, 4, 0, 1, 2, 0]",sin(x[0]/(x[0]*x[5])),"{'generation': 0, 'evals': 1, 'test_error': 0.0}"
148,"[[0], [1, 2, 2, 0, 1, 3, 3, 4, 3, 3, 0, 2, 3, 4, 2, 1, 3, 3, 1, 1, 3, 3, 0, 3, 3], [4, 4, 2, 0, 2, 0, 4, 2], [2, 1, 3, 0], [0, 1, 1, 0, 0, 2, 0, 2, 1, 0, 0], [3, 3, 5]]",17.000473366899122,9,(_exp_(cos((x[0]**x[3])**x[3]/(x[0]*x[5])))*_log_(x[0])+sin((Constant*x[0]))/(((Constant+x[5])**x[0]*x[0])*x[5])),"[1, 25, 8, 4, 11, 3]",(_exp_(cos((x[0]**x[3])**x[3]/(x[0]*x[5])))*_log_(x[0])+sin((0.5942250656041724*x[0]))/(((0.723323292631134+x[5])**x[0]*x[0])*x[5])),"{'generation': 0, 'evals': 1, 'test_error': 0.0}"
149,"[[0], [0, 0, 4, 3, 2, 1, 3, 3, 1, 4, 1, 3, 3, 2, 3, 1, 4, 3, 3, 3, 2, 3], [1, 1, 1, 1, 2, 4], [4, 4, 2], [1, 0, 0, 0, 0, 2, 1, 0, 0, 1], [5, 5, 2]]",17.000473366899122,9,x[5]/(_inv_((x[0]-x[0]))*x[5])-((x[0]-x[0])/(_inv_(Constant)*x[5])-(x[5]/(x[0]*x[5])*x[0]))**_exp_(x[2]),"[1, 22, 6, 3, 10, 3]",x[5]/(_inv_((x[0]-x[0]))*x[5])-((x[0]-x[0])/(_inv_(0.5942250656041724)*x[5])-(x[5]/(x[0]*x[5])*x[0]))**_exp_(x[2]),"{'generation': 0, 'evals': 1, 'test_error': 0.0}"
150,"[[0], [1, 1, 2, 0, 2, 3, 4, 3, 3, 0, 4, 0, 3, 3, 1, 3, 3, 3, 2, 4, 2, 0, 3, 3, 1, 0, 3, 3, 0, 3, 3], [0, 0, 0, 0, 3, 3, 2, 2, 0, 3], [3, 0, 2, 4], [1, 0, 2, 2, 2, 1, 0, 0, 1, 0, 2, 1, 1, 1], [5, 4, 5, 1, 5, 5]]",17.000473366899122,9,((_log_(sin(x[5])+x[0]/(Constant*x[5]))+Constant+Constant/((x[4]+x[0])*x[5])|_div_|x[0])|_div_|_exp_(_inv_(x[5]*x[0])/((Constant*x[1]+x[5]|_div_|x[5])*x[5]))),"[1, 31, 10, 4, 14, 6]",((_log_(sin(x[5])+x[0]/(0.5942250656041724*x[5]))+0.723323292631134+0.08992457266499854/((x[4]+x[0])*x[5])|_div_|x[0])|_div_|_exp_(_inv_(x[5]*x[0])/((0.08558322728806267*x[1]+x[5]|_div_|x[5])*x[5]))),"{'generation': 0, 'evals': 1, 'test_error': 0.0}"
151,"[[0], [0, 4, 2, 3, 2, 2, 0, 3, 3, 0, 0, 4, 4, 3, 3, 1, 3, 3, 4, 1, 3, 3, 0, 3, 3, 1, 0, 2, 3, 2, 3, 2, 0, 3, 3], [1, 1, 2, 0, 1, 4, 2, 2, 2, 4], [3, 2, 3, 0, 1, 1], [2, 1, 0, 2, 1, 1, 0, 2, 0, 0, 2, 2, 0, 2, 0], [1, 3, 4]]",17.000473366899122,9,_log_(Constant)/(_exp_(_log_(x[1]-x[0]))*x[5])-Constant/(x[3]*x[5])/((x[4]*x[0])*x[5])+(Constant-x[0])/(x[0]**Constant*x[5])*(sin(Constant)*cos(x[0])*cos(Constant**x[0])),"[1, 35, 10, 6, 15, 3]",_log_(0.5942250656041724)/(_exp_(_log_(x[1]-x[0]))*x[5])-0.723323292631134/(x[3]*x[5])/((x[4]*x[0])*x[5])+(0.08992457266499854-x[0])/(x[0]**0.08558322728806267*x[5])*(sin(0.33794059917606123)*cos(x[0])*cos(0.08756503566974927**x[0])),"{'generation': 0, 'evals': 1, 'test_error': 0.0}"
152,"[[0], [0, 4, 0, 4, 2, 3, 0, 3, 3, 4, 1, 3, 3, 0, 3, 3, 4, 0, 2, 3, 3, 2, 4, 3, 3, 3], [3, 2, 4, 1, 2, 2], [0, 2, 3], [0, 2, 1, 1, 1, 2, 0, 0, 2, 1, 0, 0], [3, 5, 2, 4]]",17.000473366899122,9,sin(x[0])/(Constant|_div_|x[3]*x[5])*(x[5]**x[2])/(Constant-x[0]*x[5])/(_exp_(x[0])*Constant/(_log_(x[4]/(x[0]*x[5]))*x[5])*x[5])*x[0],"[1, 26, 6, 3, 12, 4]",sin(x[0])/(0.5942250656041724|_div_|x[3]*x[5])*(x[5]**x[2])/(0.723323292631134-x[0]*x[5])/(_exp_(x[0])*0.08992457266499854/(_log_(x[4]/(x[0]*x[5]))*x[5])*x[5])*x[0],"{'generation': 0, 'evals': 1, 'test_error': 0.0}"
153,"[[0], [2, 0, 2, 4, 0, 3, 3, 0, 3, 3, 3], [2, 1, 4], [2, 3], [0, 2, 1, 2, 2], [1]]",17.000473366899122,9,_exp_(_log_(x[0]*Constant/(x[1]-Constant*x[5]))**Constant),"[1, 11, 3, 2, 5, 1]",_exp_(_log_(x[0]*0.5942250656041724/(x[1]-0.723323292631134*x[5]))**0.08992457266499854),"{'generation': 0, 'evals': 1, 'test_error': 0.0}"
154,"[[0], [0, 4, 3, 2, 0, 4, 3, 3, 4, 3, 3, 2, 4, 1, 1, 3, 3, 1, 3, 3, 4, 3, 1, 3, 3], [3, 4, 4, 0, 4, 2], [2, 0], [0, 0, 0, 0, 0, 2, 2, 1, 0, 1, 2, 1], [1, 0, 0]]",17.000473366899122,9,x[0]/(_exp_(x[0]/(x[0]*x[5])|_div_|x[0]/(x[0]*x[5]))*x[5])**sin(((Constant**Constant)+(x[1]**x[0]))/(x[0]/((Constant*x[0])*x[5])*x[5])),"[1, 25, 6, 2, 12, 3]",x[0]/(_exp_(x[0]/(x[0]*x[5])|_div_|x[0]/(x[0]*x[5]))*x[5])**sin(((0.5942250656041724**0.723323292631134)+(x[1]**x[0]))/(x[0]/((0.08992457266499854*x[0])*x[5])*x[5])),"{'generation': 0, 'evals': 1, 'test_error': 0.0}"
155,"[[0], [1, 1, 1, 3, 3, 0, 2, 2, 3, 4, 4, 3, 3, 1, 3, 3, 4, 3, 1, 0, 1, 3, 3, 2, 3, 0, 2, 3, 3], [4, 2, 4, 4, 0, 2, 0, 1, 3], [2, 0, 3, 3], [0, 2, 2, 0, 0, 1, 0, 1, 2, 1, 2, 2, 0], [0, 1, 2]]",17.000473366899122,9,(((x[0]**Constant)*_exp_(sin(Constant))**x[0]/(x[0]*x[5])/((x[0]**x[0])*x[5]))+x[1]/(((Constant*x[2])+_log_(Constant)-_log_(Constant)|_div_|x[0])*x[5])),"[1, 29, 9, 4, 13, 3]",(((x[0]**0.5942250656041724)*_exp_(sin(0.723323292631134))**x[0]/(x[0]*x[5])/((x[0]**x[0])*x[5]))+x[1]/(((0.08992457266499854*x[2])+_log_(0.08558322728806267)-_log_(0.33794059917606123)|_div_|x[0])*x[5])),"{'generation': 0, 'evals': 1, 'test_error': 0.0}"
156,"[[0], [4, 0, 4, 0, 0, 3, 3, 4, 3, 3, 3, 4, 1, 0, 3, 3, 3, 3, 2, 2, 3], [0, 0, 2, 3, 4], [3, 0], [1, 0, 1, 1, 2, 0, 0, 2, 0, 0], [2, 0, 2]]",17.000473366899122,9,x[2]+x[0]+x[0]/(x[2]*x[5])/(Constant*x[5])*(x[0]|_div_|x[0]**Constant)/(x[0]*x[5])/(_log_(sin(x[0]))*x[5]),"[1, 21, 5, 2, 10, 3]",x[2]+x[0]+x[0]/(x[2]*x[5])/(0.5942250656041724*x[5])*(x[0]|_div_|x[0]**0.723323292631134)/(x[0]*x[5])/(_log_(sin(x[0]))*x[5]),"{'generation': 0, 'evals': 1, 'test_error': 0.0}"
157,"[[0], [4, 2, 0, 4, 1, 3, 3, 2, 3, 3, 4, 0, 2, 0, 3, 3, 4, 3, 3, 4, 4, 4, 3, 3, 1, 3, 3, 1, 3, 3], [1, 3, 3, 0, 2, 0], [4, 4, 0], [2, 1, 2, 1, 2, 2, 0, 1, 0, 0, 2, 0, 0, 2], [2, 1, 3]]",17.000473366899122,9,_inv_((Constant-x[2])/(_inv_(Constant)*x[5])|_div_|x[1])/(sin(Constant|_div_|Constant)+x[0]/(x[3]*x[5])/(x[0]/(x[0]*x[5])/((Constant*x[0])*x[5])/((x[0]+Constant)*x[5])*x[5])*x[5]),"[1, 30, 6, 3, 14, 3]",_inv_((0.5942250656041724-x[2])/(_inv_(0.723323292631134)*x[5])|_div_|x[1])/(sin(0.08992457266499854|_div_|0.08558322728806267)+x[0]/(x[3]*x[5])/(x[0]/(x[0]*x[5])/((0.33794059917606123*x[0])*x[5])/((x[0]+0.08756503566974927)*x[5])*x[5])*x[5]),"{'generation': 0, 'evals': 1, 'test_error': 0.0}"
158,"[[0], [4, 1, 4, 1, 3, 4, 3, 3, 3, 0, 1, 4, 3, 3, 4, 3, 3, 1, 4, 3, 3, 3, 0, 1, 1, 1, 3, 3, 4, 3, 3, 4, 2, 3, 4, 3, 3, 1, 0, 2, 3, 1, 3, 3, 3], [0, 3, 3, 0, 4, 0, 2, 4, 3, 4, 4, 0], [4, 2], [2, 1, 2, 1, 1, 1, 0, 2, 0, 0, 2, 2, 2, 1, 2, 1, 0, 1, 0, 2, 2, 2], [2, 3, 5, 1, 5, 2, 2]]",17.000473366899122,9,((Constant+x[2]/(Constant*x[5]))/(x[3]*x[5])|_div_|(x[5]/(x[1]*x[5])|_div_|x[0]/(Constant*x[5]))+(x[0]/(x[0]*x[5])**Constant))/((((Constant+Constant)*x[5]/(Constant*x[5]))**_inv_(x[2])/(x[0]/(x[2]*x[5])*x[5]))|_div_|(_exp_(x[0])**(Constant**Constant)+Constant)*x[5]),"[1, 45, 12, 2, 22, 7]",((0.5942250656041724+x[2]/(0.723323292631134*x[5]))/(x[3]*x[5])|_div_|(x[5]/(x[1]*x[5])|_div_|x[0]/(0.08992457266499854*x[5]))+(x[0]/(x[0]*x[5])**0.08558322728806267))/((((0.33794059917606123+0.08756503566974927)*x[5]/(0.8433798356967075*x[5]))**_inv_(x[2])/(x[0]/(x[2]*x[5])*x[5]))|_div_|(_exp_(x[0])**(0.4099031398801315**0.8156153325978827)+0.2886750133191379)*x[5]),"{'generation': 0, 'evals': 1, 'test_error': 0.0}"
159,"[[0], [0, 4, 0, 1, 3, 2, 3, 4, 2, 3, 1, 3, 3, 1, 3, 2, 4, 3, 3, 0, 4, 0, 4, 3, 3, 4, 3, 3, 2, 4, 3, 3, 0, 2, 0, 3, 3, 3], [0, 4, 3, 4, 1, 0, 2, 3, 1], [1, 4, 2, 2, 0], [1, 1, 2, 0, 2, 1, 1, 2, 0, 2, 1, 0, 1, 1, 0, 1, 1], [4, 1, 2, 1, 2, 3, 1, 1, 4]]",17.000473366899122,9,(x[4]+cos(x[1]))**_inv_(Constant)/((x[0]|_div_|Constant)*x[5])/((x[2]**_exp_(x[1]/(Constant*x[5])))*x[5])-x[0]/(Constant*x[5])+x[2]/(x[0]*x[5])/(_exp_(x[3]/(x[1]*x[5]))*x[5])*sin(x[0]|_div_|x[1])-x[4],"[1, 38, 9, 5, 17, 9]",(x[4]+cos(x[1]))**_inv_(0.5942250656041724)/((x[0]|_div_|0.723323292631134)*x[5])/((x[2]**_exp_(x[1]/(0.08992457266499854*x[5])))*x[5])-x[0]/(0.08558322728806267*x[5])+x[2]/(x[0]*x[5])/(_exp_(x[3]/(x[1]*x[5]))*x[5])*sin(x[0]|_div_|x[1])-x[4],"{'generation': 0, 'evals': 1, 'test_error': 0.0}"
160,"[[0], [1, 3, 1, 4, 3, 1, 2, 3, 4, 3, 3, 3], [1, 3, 2], [0], [0, 2, 2, 0, 1, 0], [0]]",17.000473366899122,9,(x[0]-(Constant/((sin(Constant)|_div_|x[0]/(x[0]*x[5]))*x[5])*x[0])),"[1, 12, 3, 1, 6, 1]",(x[0]-(0.5942250656041724/((sin(0.723323292631134)|_div_|x[0]/(x[0]*x[5]))*x[5])*x[0])),"{'generation': 0, 'evals': 1, 'test_error': 0.0}"
161,"[[0], [1, 2, 0, 3, 2, 2, 3, 2, 4, 2, 3, 2, 2, 3], [3, 2], [2, 1, 0, 0, 2, 3, 0], [1, 1, 2, 0], [0, 0]]",17.000473366899122,9,(_exp_(x[0]|_div_|cos(sin(x[0])))*sin(_exp_(Constant)/(_log_(sin(x[0]))*x[5]))),"[1, 14, 2, 7, 4, 2]",(_exp_(x[0]|_div_|cos(sin(x[0])))*sin(_exp_(0.5942250656041724)/(_log_(sin(x[0]))*x[5]))),"{'generation': 0, 'evals': 1, 'test_error': 0.0}"
162,"[[0], [4, 4, 1, 4, 2, 3, 4, 3, 3, 1, 0, 3, 3, 4, 3, 3, 4, 1, 4, 3, 3, 2, 3, 1, 1, 3, 3, 1, 3, 3, 1, 2, 4, 2, 3, 4, 3, 3, 3], [3, 4, 4, 4, 4, 1, 3, 1], [1, 4, 0, 1], [1, 2, 1, 1, 2, 1, 0, 0, 2, 1, 0, 0, 2, 0, 1, 0, 1, 1], [1, 3, 1, 5, 0, 2, 1, 0]]",17.000473366899122,9,(cos(x[1])/(Constant/(x[3]*x[5])*x[5])|_div_|(x[1]**Constant**x[5]/(x[0]*x[5])))/((x[0]/(Constant*x[5])**_inv_(x[0]))/(((x[0]**x[0])-(Constant|_div_|x[0]))*x[5])*x[5])/((sin(cos(x[2])/(x[0]/(x[1]*x[5])*x[5]))-x[0])*x[5]),"[1, 39, 8, 4, 18, 8]",(cos(x[1])/(0.5942250656041724/(x[3]*x[5])*x[5])|_div_|(x[1]**0.723323292631134**x[5]/(x[0]*x[5])))/((x[0]/(0.08992457266499854*x[5])**_inv_(x[0]))/(((x[0]**x[0])-(0.08558322728806267|_div_|x[0]))*x[5])*x[5])/((sin(cos(x[2])/(x[0]/(x[1]*x[5])*x[5]))-x[0])*x[5]),"{'generation': 0, 'evals': 1, 'test_error': 0.0}"
163,"[[0], [4, 4, 0, 2, 0, 3, 3, 2, 2, 3, 1, 2, 4, 3, 3, 1, 1, 3, 3, 3, 2, 0, 2, 2, 3, 0, 0, 3, 3, 1, 3, 3], [0, 3, 1, 0, 3, 4, 4, 4, 2], [1, 1, 1, 1, 1, 4, 0], [0, 2, 2, 2, 0, 1, 2, 1, 0, 1, 0, 1, 2], [3, 1, 4, 1]]",17.000473366899122,9,cos(x[0]+Constant)|_div_|cos(cos(Constant))/((cos(Constant/(x[0]*x[5]))-((x[3]+Constant)|_div_|x[1]))*x[5])/(cos(_inv_(sin(x[0]))**x[4]**x[0]**(x[1]*Constant))*x[5]),"[1, 32, 9, 7, 13, 4]",cos(x[0]+0.5942250656041724)|_div_|cos(cos(0.723323292631134))/((cos(0.08992457266499854/(x[0]*x[5]))-((x[3]+0.08558322728806267)|_div_|x[1]))*x[5])/(cos(_inv_(sin(x[0]))**x[4]**x[0]**(x[1]*0.33794059917606123))*x[5]),"{'generation': 0, 'evals': 1, 'test_error': 0.0}"
164,"[[0], [4, 1, 3, 2, 2, 0, 3, 3, 4, 4, 0, 1, 3, 3, 2, 3, 2, 1, 3, 3, 3], [2, 1, 3, 2, 4], [2, 4, 2, 0], [0, 0, 1, 0, 2, 0, 0, 0, 1], [3, 0]]",17.000473366899122,9,(x[0]*_exp_(_inv_(x[0]-x[3])))/((x[0]|_div_|Constant)*_exp_(x[0])/(sin((x[0]**x[0]))*x[5])/(x[0]*x[5])*x[5]),"[1, 21, 5, 4, 9, 2]",(x[0]*_exp_(_inv_(x[0]-x[3])))/((x[0]|_div_|0.5942250656041724)*_exp_(x[0])/(sin((x[0]**x[0]))*x[5])/(x[0]*x[5])*x[5]),"{'generation': 0, 'evals': 1, 'test_error': 0.0}"
165,"[[0], [2, 2, 4, 3, 1, 3, 4, 3, 3], [1], [2, 3], [0, 1, 2, 1], [4, 3]]",20.153579030646895,9,_exp_(_log_(x[0]/((x[4]-Constant/(x[3]*x[5]))*x[5]))),"[1, 9, 1, 2, 4, 2]",_exp_(_log_(x[0]/((x[4]-0.5942250656041724/(x[3]*x[5]))*x[5]))),"{'generation': 0, 'evals': 1, 'test_error': 0.0}"
166,"[[0], [4, 1, 2, 0, 4, 3, 3, 1, 3, 3, 1, 4, 4, 3, 3, 4, 3, 3, 0, 2, 3, 0, 3, 3, 1, 3, 3], [3, 2, 3, 1, 4, 0, 1], [1, 0], [2, 1, 0, 1, 0, 2, 2, 0, 1, 2, 0, 0, 2], [5, 3, 3]]",24.927535364524136,9,(cos(Constant/(x[5]*x[5])|_div_|(x[0]*x[3]))|_div_|(x[0]/(Constant*x[5])/(Constant/(x[0]*x[5])*x[5])-sin(x[3])**Constant+x[0]))/((x[0]-Constant)*x[5]),"[1, 27, 7, 2, 13, 3]",(cos(0.5942250656041724/(x[5]*x[5])|_div_|(x[0]*x[3]))|_div_|(x[0]/(0.723323292631134*x[5])/(0.08992457266499854/(x[0]*x[5])*x[5])-sin(x[3])**0.08558322728806267+x[0]))/((x[0]-0.33794059917606123)*x[5]),"{'generation': 0, 'evals': 1, 'test_error': 0.0}"
167,"[[0], [4, 2, 2, 2, 3, 2, 1, 3, 2, 3], [4], [0, 4, 2, 0, 2], [0, 2, 2], []]",40.938738529177684,7,sin(_inv_(_exp_(x[0])))/(sin((Constant**_exp_(Constant)))*x[5]),"[1, 10, 1, 5, 3, 0]",sin(_inv_(_exp_(x[0])))/(sin((0.5942250656041724**_exp_(0.723323292631134)))*x[5]),"{'generation': 0, 'evals': 1, 'test_error': 0.0}"
168,"[[0], [0, 2, 0, 4, 2, 3, 3, 4, 4, 3, 3, 3, 3], [3, 4], [3, 2], [2, 1, 1, 0, 0, 0], [3, 1]]",48.09433588538209,9,_log_(_exp_(Constant)/(x[3]*x[5])|_div_|x[1]/(x[0]*x[5])/(x[0]*x[5]))**x[0],"[1, 13, 2, 2, 6, 2]",_log_(_exp_(0.5942250656041724)/(x[3]*x[5])|_div_|x[1]/(x[0]*x[5])/(x[0]*x[5]))**x[0],"{'generation': 0, 'evals': 1, 'test_error': 0.0}"
169,"[[0], [2, 2, 0, 1, 4, 3, 3, 0, 3, 3, 2, 4, 3, 3], [0, 3, 3], [2, 3, 0], [0, 2, 2, 1, 1, 2], [0, 0]]",68.77201322875523,9,_exp_(_log_((x[0]/(Constant*x[5])+Constant|_div_|x[0])|_div_|sin(x[0]/(Constant*x[5])))),"[1, 14, 3, 3, 6, 2]",_exp_(_log_((x[0]/(0.5942250656041724*x[5])+0.723323292631134|_div_|x[0])|_div_|sin(x[0]/(0.08992457266499854*x[5])))),"{'generation': 0, 'evals': 1, 'test_error': 0.0}"
170,"[[0], [4, 1, 1, 0, 0, 3, 3, 3, 3, 4, 1, 0, 3, 3, 3, 0, 4, 3, 3, 1, 3, 3, 2, 3], [1, 2, 0, 2, 0, 3, 3, 2], [4], [0, 1, 0, 1, 2, 1, 0, 2, 2, 1, 0, 0], [1, 3, 3, 3]]",192.41165962827628,9,((x[0]-x[1]*x[0]+x[3])*(Constant+x[3]|_div_|x[0])/(Constant/(Constant*x[5])|_div_|(x[3]*x[0])*x[5]))/(_inv_(x[0])*x[5]),"[1, 24, 8, 1, 12, 4]",((x[0]-x[1]*x[0]+x[3])*(0.5942250656041724+x[3]|_div_|x[0])/(0.723323292631134/(0.08992457266499854*x[5])|_div_|(x[3]*x[0])*x[5]))/(_inv_(x[0])*x[5]),"{'generation': 0, 'evals': 1, 'test_error': 0.0}"
171,"[[0], [0, 1, 0, 3, 4, 0, 3, 3, 2, 3, 2, 0, 0, 3, 3, 2, 3, 3], [2, 2, 2, 1, 0, 0], [4, 1, 0], [2, 2, 1, 0, 1, 2, 0, 0], [2, 4]]",800.1116634896457,9,(Constant*Constant*x[2]/(_inv_(x[0])*x[5])*cos(x[4]-Constant+sin(x[0])))+x[0],"[1, 18, 6, 3, 8, 2]",(0.5942250656041724*0.723323292631134*x[2]/(_inv_(x[0])*x[5])*cos(x[4]-0.08992457266499854+sin(x[0])))+x[0],"{'generation': 0, 'evals': 1, 'test_error': 0.0}"
172,"[[0], [4, 3, 4, 4, 4, 2, 3, 1, 3, 3, 0, 3, 2, 3, 4, 4, 3, 4, 3, 3, 1, 4, 3, 3, 3], [1, 0, 1], [1, 4], [2, 0, 1, 1, 1, 0, 1, 2, 1, 0, 2, 1], [2, 4, 3, 1, 1, 5]]",1633.1325984069797,9,Constant/(cos(x[0])/((x[2]-x[4])*x[5])/(x[3]+_inv_(x[0])*x[5])/(x[1]/(Constant/(x[1]*x[5])*x[5])/((x[0]/(Constant*x[5])-x[5])*x[5])*x[5])*x[5]),"[1, 25, 3, 2, 12, 6]",0.5942250656041724/(cos(x[0])/((x[2]-x[4])*x[5])/(x[3]+_inv_(x[0])*x[5])/(x[1]/(0.723323292631134/(x[1]*x[5])*x[5])/((x[0]/(0.08992457266499854*x[5])-x[5])*x[5])*x[5])*x[5]),"{'generation': 0, 'evals': 1, 'test_error': 0.0}"
173,"[[0], [1, 1, 3, 2, 0, 0, 3, 3, 0, 3, 3, 2, 3], [3, 2, 4, 1, 1], [4, 3], [0, 2, 0, 1, 1, 1], [4, 1, 1]]",18331.49467770738,9,((x[0]|_div_|_inv_(Constant*x[0]**x[4]-x[1]))-_log_(x[1])),"[1, 13, 5, 2, 6, 3]",((x[0]|_div_|_inv_(0.5942250656041724*x[0]**x[4]-x[1]))-_log_(x[1])),"{'generation': 0, 'evals': 1, 'test_error': 0.0}"
174,"[[0], [1, 3, 4, 1, 4, 1, 3, 3, 1, 3, 3, 1, 4, 3, 3, 3, 2, 1, 2, 3, 0, 3, 3], [1, 2, 3, 3, 0, 2, 0], [3, 3], [1, 2, 2, 2, 1, 2, 1, 2, 2, 0, 1], [1, 2, 0, 2]]",41493.27087277593,9,(x[1]-((Constant*Constant)/((Constant|_div_|x[2])*x[5])|_div_|(Constant/(x[0]*x[5])+Constant))/(_log_((_log_(Constant)*x[0]+x[2]))*x[5])),"[1, 23, 7, 2, 11, 4]",(x[1]-((0.5942250656041724*0.723323292631134)/((0.08992457266499854|_div_|x[2])*x[5])|_div_|(0.08558322728806267/(x[0]*x[5])+0.33794059917606123))/(_log_((_log_(0.08756503566974927)*x[0]+x[2]))*x[5])),"{'generation': 0, 'evals': 1, 'test_error': 0.0}"
175,"[[0], [1, 0, 1, 4, 4, 3, 3, 0, 3, 3, 3, 0, 4, 2, 3, 2, 3, 0, 0, 3, 3, 2, 3, 4, 2, 3, 3], [4, 2, 4, 2, 2, 0, 0], [2, 2, 2, 2], [2, 1, 0, 0, 0, 1, 1, 0, 0, 0, 2, 1], [3, 1, 3, 2]]",87858.5881853964,9,((Constant/(x[3]*x[5])/(x[0]**x[0]*x[5])*x[0])**_exp_(x[1])/(_exp_(x[3])*x[5])*x[0]*x[0]+_exp_(x[0])+_exp_(Constant)/(x[2]*x[5])),"[1, 27, 7, 4, 12, 4]",((0.5942250656041724/(x[3]*x[5])/(x[0]**x[0]*x[5])*x[0])**_exp_(x[1])/(_exp_(x[3])*x[5])*x[0]*x[0]+_exp_(x[0])+_exp_(0.723323292631134)/(x[2]*x[5])),"{'generation': 0, 'evals': 1, 'test_error': 0.0}"
176,"[[0], [0, 1, 4, 1, 2, 3, 3, 3, 0, 3, 3, 1, 1, 4, 3, 2, 3, 4, 1, 3, 3, 2, 3, 3], [4, 1, 1, 2, 4, 3, 1], [3, 2, 2], [1, 0, 2, 0, 2, 2, 1, 1, 0, 1, 1], [5, 3, 5, 5, 1]]",1932297.9535910815,9,((_log_(x[5])**x[0])/(Constant*x[5])-x[0]-Constant)*((Constant/(_exp_(x[3])*x[5])**(x[5]|_div_|x[0])/(_exp_(x[5])*x[5]))-x[1]),"[1, 24, 7, 3, 11, 5]",((_log_(x[5])**x[0])/(0.5942250656041724*x[5])-x[0]-0.723323292631134)*((0.08992457266499854/(_exp_(x[3])*x[5])**(x[5]|_div_|x[0])/(_exp_(x[5])*x[5]))-x[1]),"{'generation': 0, 'evals': 1, 'test_error': 0.0}"
177,"[[0], [4, 0, 1, 4, 1, 3, 3, 2, 3, 4, 0, 3, 3, 2, 3, 4, 3, 2, 1, 3, 3, 0, 3, 3], [2, 2, 2, 2, 2, 4], [3, 0, 2], [2, 0, 2, 2, 0, 2, 2, 2, 0, 1, 0], [3]]",6015386.418206131,8,((Constant*x[0])/(_log_(Constant)*x[5])*Constant*x[0]/(sin(Constant)*x[5]))*Constant/(_exp_((Constant*x[0]))*x[5])/(x[3]**x[0]*x[5]),"[1, 24, 6, 3, 11, 1]",((0.5942250656041724*x[0])/(_log_(0.723323292631134)*x[5])*0.08992457266499854*x[0]/(sin(0.08558322728806267)*x[5]))*0.33794059917606123/(_exp_((0.08756503566974927*x[0]))*x[5])/(x[3]**x[0]*x[5]),"{'generation': 0, 'evals': 1, 'test_error': 0.0}"
178,"[[0], [4, 0, 4, 1, 1, 3, 3, 0, 3, 3, 1, 0, 3, 3, 1, 3, 3, 1, 0, 1, 3, 3, 4, 3, 3, 4, 1, 3, 3, 1, 3, 3, 1, 0, 2, 4, 3, 3, 2, 4, 3, 3, 3], [2, 3, 4, 3, 0, 2, 4, 1, 3, 1, 4, 4, 1, 1], [4, 0], [1, 0, 1, 0, 1, 2, 0, 2, 1, 1, 0, 2, 1, 1, 0, 2, 2, 2, 1, 2, 2], [5, 1, 1, 5, 3, 5, 0, 0]]",28718310.4760413,9,((x[5]*x[0])|_div_|x[1]**x[0])/((x[1]|_div_|Constant+(x[0]*Constant))*x[5])**((x[5]-x[3])|_div_|x[0]/(Constant*x[5])-(x[5]**x[0])/((x[0]**Constant)*x[5]))/((_inv_(Constant/(Constant*x[5]))-sin(x[0]/(Constant*x[5]))-Constant)*x[5]),"[1, 43, 14, 2, 21, 8]",((x[5]*x[0])|_div_|x[1]**x[0])/((x[1]|_div_|0.5942250656041724+(x[0]*0.723323292631134))*x[5])**((x[5]-x[3])|_div_|x[0]/(0.08992457266499854*x[5])-(x[5]**x[0])/((x[0]**0.08558322728806267)*x[5]))/((_inv_(0.33794059917606123/(0.08756503566974927*x[5]))-sin(x[0]/(0.8433798356967075*x[5]))-0.4099031398801315)*x[5]),"{'generation': 0, 'evals': 1, 'test_error': 0.0}"
179,"[[0], [4, 1, 2, 3, 0, 0, 0, 3, 3, 0, 3, 3, 4, 4, 3, 3, 4, 3, 3, 0, 3, 3], [0, 4, 1, 2, 3, 4], [1], [1, 2, 1, 1, 2, 1, 1, 0, 2, 2, 0], [3, 1, 0, 1, 2]]",4487440036.327015,9,(cos(x[3])+Constant**x[1]-x[0]*Constant|_div_|x[1]/(x[2]*x[5])/(x[0]/(Constant*x[5])*x[5]))/(Constant**x[0]*x[5]),"[1, 22, 6, 1, 11, 5]",(cos(x[3])+0.5942250656041724**x[1]-x[0]*0.723323292631134|_div_|x[1]/(x[2]*x[5])/(x[0]/(0.08992457266499854*x[5])*x[5]))/(0.08558322728806267**x[0]*x[5]),"{'generation': 0, 'evals': 1, 'test_error': 0.0}"
180,"[[0], [1, 1, 0, 3, 0, 3, 2, 3, 1, 0, 4, 3, 3, 3, 4, 1, 3, 3, 4, 3, 3, 0, 3, 4, 0, 0, 3, 3, 4, 3, 3, 2, 3], [4, 4, 0, 3, 0, 3, 2, 0, 2, 3], [4, 4], [1, 0, 2, 0, 1, 2, 0, 0, 1, 2, 0, 0, 2, 2, 0, 1], [4, 2, 2, 0]]",1535601092357.4863,9,((x[4]**x[0]**_inv_(Constant)+(x[0]/(x[2]*x[5])|_div_|Constant+(x[0]|_div_|x[0])/(x[2]/(Constant*x[5])*x[5])))*x[0]+x[0]*Constant|_div_|Constant/(x[0]*x[5])/(_inv_(x[0])*x[5])),"[1, 33, 10, 2, 16, 4]",((x[4]**x[0]**_inv_(0.5942250656041724)+(x[0]/(x[2]*x[5])|_div_|0.723323292631134+(x[0]|_div_|x[0])/(x[2]/(0.08992457266499854*x[5])*x[5])))*x[0]+x[0]*0.08558322728806267|_div_|0.33794059917606123/(x[0]*x[5])/(_inv_(x[0])*x[5])),"{'generation': 0, 'evals': 1, 'test_error': 0.0}"
181,"[[0], [0, 4, 3, 2, 0, 4, 3, 3, 0, 3, 3, 3], [2, 4, 4], [1], [0, 1, 2, 2, 2, 0], [2]]",1.5621765699309044e+16,9,x[0]/(cos(x[2]/(Constant*x[5])*Constant**Constant)*x[5])**x[0],"[1, 12, 3, 1, 6, 1]",x[0]/(cos(x[2]/(0.5942250656041724*x[5])*0.723323292631134**0.08992457266499854)*x[5])**x[0],"{'generation': 0, 'evals': 1, 'test_error': 0.0}"
182,"[[0], [2, 0, 4, 3, 3, 2, 3], [0], [2, 0], [0, 1, 0], [4]]",1.7506337548259665e+68,7,_exp_(x[0]/(x[4]*x[5])+sin(x[0])),"[1, 7, 1, 2, 3, 1]",_exp_(x[0]/(x[4]*x[5])+sin(x[0])),"{'generation': 0, 'evals': 1, 'test_error': 0.0}"
183,"[[0], [4, 2, 3, 2, 0, 0, 3, 3, 2, 2, 3], [3, 3], [1, 0, 0, 2], [2, 1, 2, 2], [0]]",inf,8,cos(Constant)/(sin(x[0]|_div_|Constant|_div_|sin(_exp_(Constant)))*x[5]),"[1, 11, 2, 4, 4, 1]",cos(0.5942250656041724)/(sin(x[0]|_div_|0.723323292631134|_div_|sin(_exp_(0.08992457266499854)))*x[5]),"{'generation': 0, 'evals': 1, 'test_error': 0.0}"
184,"[[0], [0, 4, 4, 3, 1, 2, 3, 3, 3, 3], [0, 4], [0], [1, 2, 1, 0, 2], [1, 5]]",inf,8,x[1]/((sin(Constant)+x[5])*x[5])/(x[0]*x[5])**Constant,"[1, 10, 2, 1, 5, 2]",x[1]/((sin(0.5942250656041724)+x[5])*x[5])/(x[0]*x[5])**0.723323292631134,"{'generation': 0, 'evals': 1, 'test_error': 0.0}"
185,"[[0], [4, 1, 2, 3, 1, 0, 4, 3, 3, 2, 3, 2, 2, 3, 4, 1, 3, 1, 1, 3, 3, 1, 3, 3, 0, 4, 2, 3, 4, 3, 3, 2, 3], [1, 1, 4, 3, 1, 0, 3, 0], [2, 4, 1, 0, 3, 3], [2, 2, 2, 0, 1, 1, 1, 1, 1, 1, 2, 0, 2, 0], [4, 4, 3, 2, 2, 0]]",inf,9,(_exp_(Constant)-(Constant/(Constant*x[5])-_inv_(x[0])**cos(sin(x[4]))))/((x[4]|_div_|((x[3]-x[2])+(x[2]|_div_|x[0])))/(_log_(Constant)/(x[0]/(Constant*x[5])*x[5])+_log_(x[0])*x[5])*x[5]),"[1, 33, 8, 6, 14, 6]",(_exp_(0.5942250656041724)-(0.723323292631134/(0.08992457266499854*x[5])-_inv_(x[0])**cos(sin(x[4]))))/((x[4]|_div_|((x[3]-x[2])+(x[2]|_div_|x[0])))/(_log_(0.08558322728806267)/(x[0]/(0.33794059917606123*x[5])*x[5])+_log_(x[0])*x[5])*x[5]),"{'generation': 0, 'evals': 1, 'test_error': 0.0}"
186,"[[0], [4, 4, 0, 2, 0, 3, 3, 1, 0, 3, 3, 3, 4, 3, 2, 2, 3, 3], [4, 4, 3, 4], [4, 0, 3], [0, 0, 0, 2, 1, 1, 2, 0], [4, 4]]",inf,8,_inv_(x[0]**x[0])**(x[0]|_div_|Constant**x[4])/(x[4]/(sin(_log_(Constant))*x[5])*x[5])/(x[0]*x[5]),"[1, 18, 4, 3, 8, 2]",_inv_(x[0]**x[0])**(x[0]|_div_|0.5942250656041724**x[4])/(x[4]/(sin(_log_(0.723323292631134))*x[5])*x[5])/(x[0]*x[5]),"{'generation': 0, 'evals': 1, 'test_error': 0.0}"
187,"[[0], [1, 4, 3, 3, 0, 0, 3, 4, 4, 3, 3, 0, 3, 3, 4, 3, 2, 4, 3, 3], [0, 1, 1, 4], [2], [1, 2, 0, 2, 0, 2, 2, 2, 2, 1], [5, 2]]",inf,9,(x[5]/(Constant*x[5])+x[0]-Constant/(x[0]*x[5])/(Constant-Constant*x[5])**Constant/(_exp_(Constant/(x[2]*x[5]))*x[5])),"[1, 20, 4, 1, 10, 2]",(x[5]/(0.5942250656041724*x[5])+x[0]-0.723323292631134/(x[0]*x[5])/(0.08992457266499854-0.08558322728806267*x[5])**0.33794059917606123/(_exp_(0.08756503566974927/(x[2]*x[5]))*x[5])),"{'generation': 0, 'evals': 1, 'test_error': 0.0}"
188,"[[0], [4, 2, 4, 4, 1, 3, 3, 2, 3, 4, 0, 3, 3, 1, 3, 3, 3], [0, 3, 3], [2, 3], [2, 1, 1, 0, 2, 0, 2, 2], [3, 0]]",inf,9,_exp_((Constant+x[3])/(_log_(x[0])*x[5])/(x[0]|_div_|Constant/((x[0]|_div_|Constant)*x[5])*x[5]))/(Constant*x[5]),"[1, 17, 3, 2, 8, 2]",_exp_((0.5942250656041724+x[3])/(_log_(x[0])*x[5])/(x[0]|_div_|0.723323292631134/((x[0]|_div_|0.08992457266499854)*x[5])*x[5]))/(0.08558322728806267*x[5]),"{'generation': 0, 'evals': 1, 'test_error': 0.0}"
189,"[[0], [0, 4, 1, 2, 1, 3, 3, 0, 3, 4, 3, 3, 0, 0, 0, 3, 3, 4, 3, 3, 1, 4, 3, 3, 1, 3, 3, 3], [3, 1, 1, 0, 3, 4, 1, 4, 0], [3], [0, 1, 0, 1, 0, 1, 1, 2, 1, 2, 2, 0, 1, 1], [2, 2, 1, 3, 2, 3, 2]]",inf,9,(_log_((x[0]|_div_|x[2]))-x[0]-x[2]/(x[0]*x[5]))/(x[1]+x[3]|_div_|Constant/(x[2]*x[5])**(Constant/(Constant*x[5])-(x[0]**x[3]))*x[5])+x[2],"[1, 28, 9, 1, 14, 7]",(_log_((x[0]|_div_|x[2]))-x[0]-x[2]/(x[0]*x[5]))/(x[1]+x[3]|_div_|0.5942250656041724/(x[2]*x[5])**(0.723323292631134/(0.08992457266499854*x[5])-(x[0]**x[3]))*x[5])+x[2],"{'generation': 0, 'evals': 1, 'test_error': 0.0}"
190,"[[0], [1, 2, 3, 0, 1, 4, 1, 3, 3, 1, 3, 3, 2, 1, 3, 3, 2, 0, 3, 3], [1, 3, 2, 1, 1, 0, 3], [2, 0, 0], [0, 2, 2, 2, 1, 0, 1, 1, 1], [0, 0, 3, 3]]",inf,9,(_exp_(x[0])-((Constant|_div_|Constant)/((Constant*x[0])*x[5])-sin((x[0]-x[0])))+sin(x[3]|_div_|x[3])),"[1, 20, 7, 3, 9, 4]",(_exp_(x[0])-((0.5942250656041724|_div_|0.723323292631134)/((0.08992457266499854*x[0])*x[5])-sin((x[0]-x[0])))+sin(x[3]|_div_|x[3])),"{'generation': 0, 'evals': 1, 'test_error': 0.0}"
191,"[[0], [4, 0, 4, 0, 4, 3, 3, 1, 3, 3, 0, 4, 3, 3, 0, 3, 3, 0, 4, 4, 3, 3, 0, 3, 3, 1, 0, 3, 3, 3, 4, 0, 1, 3, 2, 3, 2, 2, 3, 4, 4, 3, 2, 3, 1, 1, 3, 3, 4, 3, 3], [0, 0, 4, 4, 4, 1, 4, 2, 0, 3, 1, 2, 1], [3, 1, 1, 1], [2, 2, 2, 2, 1, 0, 2, 0, 0, 2, 0, 0, 0, 1, 1, 2, 0, 2, 2, 0, 2, 0, 0, 2], [0, 0, 3]]",inf,9,Constant/(Constant*x[5])+(Constant+Constant)/(x[0]/(x[0]*x[5])**Constant**x[0]*x[5])**x[0]/(Constant*x[5])/(x[0]-x[0]*x[5])**(x[0]*x[0]+x[3])/((Constant|_div_|_log_(x[0]))-cos(cos(Constant))/(Constant/(cos(x[0])*x[5])/(((Constant*x[0])-x[0]/(Constant*x[5]))*x[5])*x[5])*x[5]),"[1, 51, 13, 4, 24, 3]",0.5942250656041724/(0.723323292631134*x[5])+(0.08992457266499854+0.08558322728806267)/(x[0]/(x[0]*x[5])**0.33794059917606123**x[0]*x[5])**x[0]/(0.08756503566974927*x[5])/(x[0]-x[0]*x[5])**(x[0]*x[0]+x[3])/((0.8433798356967075|_div_|_log_(x[0]))-cos(cos(0.4099031398801315))/(0.8156153325978827/(cos(x[0])*x[5])/(((0.2886750133191379*x[0])-x[0]/(0.5160313400530634*x[5]))*x[5])*x[5])*x[5]),"{'generation': 0, 'evals': 1, 'test_error': 0.0}"
192,"[[0], [4, 4, 3, 0, 1, 4, 3, 3, 1, 3, 3, 1, 2, 3, 3, 2, 4, 3, 0, 4, 3, 3, 2, 3], [2, 0, 3, 4, 1], [2, 3, 1], [1, 0, 1, 1, 1, 2, 0, 0, 1, 0, 0], [4, 4, 3, 5, 3]]",inf,9,x[4]/((x[0]/(x[4]*x[5])*(x[3]+x[5]))|_div_|(_exp_(Constant)**x[0])*x[5])/(_log_(x[0]/(x[3]/(x[0]*x[5])-cos(x[0])*x[5]))*x[5]),"[1, 24, 5, 3, 11, 5]",x[4]/((x[0]/(x[4]*x[5])*(x[3]+x[5]))|_div_|(_exp_(0.5942250656041724)**x[0])*x[5])/(_log_(x[0]/(x[3]/(x[0]*x[5])-cos(x[0])*x[5]))*x[5]),"{'generation': 0, 'evals': 1, 'test_error': 0.0}"
193,"[[0], [2, 4, 4, 1, 2, 3, 2, 3, 3, 0, 2, 1, 3, 3, 2, 1, 3, 3], [1, 0, 2, 1], [3, 3, 4, 3, 3], [0, 0, 1, 1, 2, 2, 0], [1, 0]]",inf,9,_log_((_log_(x[0])-_inv_(x[0]))/(x[1]*x[5])/(_log_((x[0]+Constant))*_log_((Constant-x[0]))*x[5])),"[1, 18, 4, 5, 7, 2]",_log_((_log_(x[0])-_inv_(x[0]))/(x[1]*x[5])/(_log_((x[0]+0.5942250656041724))*_log_((0.723323292631134-x[0]))*x[5])),"{'generation': 0, 'evals': 1, 'test_error': 0.0}"
194,"[[0], [4, 1, 0, 3, 1, 2, 3, 1, 3, 3, 4, 4, 3, 3, 3, 4, 4, 0, 2, 3, 0, 3, 3, 0, 3, 3, 0, 0, 3, 0, 3, 3, 4, 1, 3, 3, 1, 3, 3], [0, 0, 1, 2, 4, 0, 4, 3, 3, 3, 4, 4], [0, 4], [1, 1, 0, 0, 2, 2, 0, 2, 1, 1, 2, 2, 2, 0, 2, 1, 0, 1, 0], [4, 5, 5, 5, 3, 0]]",inf,9,(x[4]+(sin(x[5])+(x[0]-x[0]))*Constant/(Constant*x[5])/(x[0]*x[5]))/(_inv_(Constant)**x[5]+x[5]/(Constant**Constant*x[5])/(Constant|_div_|x[0]|_div_|Constant|_div_|(x[3]**x[0])/((x[0]**x[0])*x[5])*x[5])*x[5]),"[1, 39, 12, 2, 19, 6]",(x[4]+(sin(x[5])+(x[0]-x[0]))*0.5942250656041724/(0.723323292631134*x[5])/(x[0]*x[5]))/(_inv_(0.08992457266499854)**x[5]+x[5]/(0.08558322728806267**0.33794059917606123*x[5])/(0.08756503566974927|_div_|x[0]|_div_|0.8433798356967075|_div_|(x[3]**x[0])/((x[0]**x[0])*x[5])*x[5])*x[5]),"{'generation': 0, 'evals': 1, 'test_error': 0.0}"
195,"[[0], [1, 1, 1, 2, 4, 3, 3, 4, 0, 3, 3, 1, 3, 3, 2, 0, 0, 3, 3, 0, 3, 3, 1, 3, 3], [2, 2, 1, 4, 0, 3, 4, 3, 3], [2, 1], [0, 1, 1, 0, 0, 0, 2, 1, 0, 0, 0, 1], [4, 5, 1, 3]]",inf,9,(((_exp_(x[0]/(x[4]*x[5]))*x[5]*x[0]/((x[0]-x[0])*x[5]))**cos(Constant+x[1]|_div_|x[0]**x[0]))|_div_|(x[0]|_div_|x[3])),"[1, 25, 9, 2, 12, 4]",(((_exp_(x[0]/(x[4]*x[5]))*x[5]*x[0]/((x[0]-x[0])*x[5]))**cos(0.5942250656041724+x[1]|_div_|x[0]**x[0]))|_div_|(x[0]|_div_|x[3])),"{'generation': 0, 'evals': 1, 'test_error': 0.0}"
196,"[[0], [4, 2, 3, 1, 4, 0, 0, 3, 3, 3, 3, 1, 3, 1, 0, 3, 3, 0, 3, 3], [3, 0, 4, 3, 3, 3, 0], [4], [1, 2, 1, 2, 0, 2, 1, 1, 2, 1], [5, 3, 3, 5, 0]]",inf,9,_inv_(x[5])/((Constant|_div_|x[3]+Constant/(x[0]*x[5])**(Constant|_div_|(x[3]|_div_|x[5]|_div_|Constant+x[0])))*x[5]),"[1, 20, 7, 1, 10, 5]",_inv_(x[5])/((0.5942250656041724|_div_|x[3]+0.723323292631134/(x[0]*x[5])**(0.08992457266499854|_div_|(x[3]|_div_|x[5]|_div_|0.08558322728806267+x[0])))*x[5]),"{'generation': 0, 'evals': 1, 'test_error': 0.0}"
197,"[[0], [0, 1, 3, 1, 2, 1, 3, 3, 1, 3, 4, 3, 3, 1, 2, 1, 4, 3, 3, 3, 1, 3, 1, 4, 3, 3, 3], [0, 0, 0, 0, 0, 1, 1, 3, 0], [4, 3], [1, 2, 1, 1, 2, 0, 1, 2, 1, 2, 0, 2, 1], [3, 5, 5, 4, 2, 0]]",inf,9,(x[3]+(_inv_((Constant+x[5]))+(x[5]+Constant/(x[0]*x[5]))))+(_log_((x[4]/(Constant*x[5])-x[2]))-(Constant|_div_|(x[0]/(Constant*x[5])+x[0]))),"[1, 27, 9, 2, 13, 6]",(x[3]+(_inv_((0.5942250656041724+x[5]))+(x[5]+0.723323292631134/(x[0]*x[5]))))+(_log_((x[4]/(0.08992457266499854*x[5])-x[2]))-(0.08558322728806267|_div_|(x[0]/(0.33794059917606123*x[5])+x[0]))),"{'generation': 0, 'evals': 1, 'test_error': 0.0}"
198,"[[0], [4, 4, 2, 0, 4, 3, 3, 4, 3, 3, 3, 2, 3], [4], [0, 0], [1, 1, 1, 2, 0, 2], [2, 2, 3]]",inf,9,sin(x[2]/(x[2]*x[5])**x[3]/(Constant*x[5]))/(x[0]*x[5])/(sin(Constant)*x[5]),"[1, 13, 1, 2, 6, 3]",sin(x[2]/(x[2]*x[5])**x[3]/(0.5942250656041724*x[5]))/(x[0]*x[5])/(sin(0.723323292631134)*x[5]),"{'generation': 0, 'evals': 1, 'test_error': 0.0}"
199,"[[0], [0, 4, 1, 2, 4, 3, 3, 2, 3, 4, 2, 4, 3, 3, 1, 2, 3, 0, 3, 3, 4, 0, 2, 3, 4, 1, 3, 3, 0, 3, 3, 0, 3, 0, 0, 3, 3, 0, 3, 3], [4, 2, 1, 0, 4, 0, 2, 3, 2, 3, 0], [4, 0, 1, 2, 0], [1, 1, 0, 0, 2, 2, 0, 2, 2, 0, 1, 0, 0, 0, 0, 0, 0, 0], [3, 1, 4]]",inf,9,(_inv_(x[3]/(x[1]*x[5]))**sin(x[0]))/(cos(x[0]/(Constant*x[5]))/((_exp_(Constant)*x[0]-Constant)*x[5])*x[5])+sin(Constant)**(x[0]+x[4])/(x[0]*x[0]*x[5])/(x[0]|_div_|x[0]*x[0]|_div_|x[0]+x[0]*x[5]),"[1, 40, 11, 5, 18, 3]",(_inv_(x[3]/(x[1]*x[5]))**sin(x[0]))/(cos(x[0]/(0.5942250656041724*x[5]))/((_exp_(0.723323292631134)*x[0]-0.08992457266499854)*x[5])*x[5])+sin(0.08558322728806267)**(x[0]+x[4])/(x[0]*x[0]*x[5])/(x[0]|_div_|x[0]*x[0]|_div_|x[0]+x[0]*x[5]),"{'generation': 0, 'evals': 1, 'test_error': 0.0}"
